id,INTERSECTION_ID,LINEAR_NAME_FULL_1,LINEAR_NAME_FULL_2,ID1,X,Y,LONGITUDE,LATITUDE,OBJECTID,geometry,MID_BLOCK,POLICE_DIVISION_2,POLICE_DIVISION_3,ACTIVATION_DATE,ACTIVATION_TIME,SIDE2,CLIENT_STREET_2,CLIENT_STREET_1,SIDE1,MI_PRINX,PRIVATE_ACCESS,TCS,ADDITIONAL_INFO,POLICE_DIVISION_1,WARD_1,WARD_3,WARD_2,WARD_4,NAME,DISTRICT,RLC,MAIN
1843,13465959,Richmond St E,Parliament St,1,NULL,NULL,NULL,NULL,1,"{'type': 'Point', 'coordinates': (-79.3640229981536, 43.65455901107341)}",NULL,NULL,NULL,2007-11-09,5:00:00 AM,NULL,PARLIAMENT ST,RICHMOND ST E,PARLIAMENT ST,1,NULL,223,NULL,51,Toronto Centre(13),NULL,NULL,NULL,Richmond St E And Parliament St,Toronto and East York,6001,RICHMOND ST E
1844,13467993,Lake Shore Blvd W,York St,2,NULL,NULL,NULL,NULL,2,"{'type': 'Point', 'coordinates': (-79.3808680070637, 43.6414600021636)}",NULL,NULL,NULL,2007-11-09,5:00:00 AM,NULL,YORK ST,LAKE SHORE BLVD W,YORK ST,2,NULL,205,WB LAKE SHORE BLVD,52,Spadina-Fort York(10),NULL,NULL,NULL,Lake Shore Blvd W And York St,Toronto and East York,6002,LAKE SHORE BLVD W
1845,13444656,Steeles Ave W,Carpenter Rd,3,NULL,NULL,NULL,NULL,3,"{'type': 'Point', 'coordinates': (-79.447588998966, 43.7920130014137)}",NULL,NULL,NULL,2007-11-09,5:00:00 AM,PRIVATE ACCESS,CARPENTER RD,STEELES AVE W,CARPENTER RD,3,SHOPPING CENTRE,1564,NULL,32,York Centre(6),NULL,NULL,NULL,Steeles Ave W And Carpenter Rd / Private Access @ Shopping Centre,North York,6003,STEELES AVE W
1846,13444138,Steeles Ave W,Hilda Ave,4,NULL,NULL,NULL,NULL,4,"{'type': 'Point', 'coordinates': (-79.4292670008865, 43.7960070062936)}",NULL,NULL,NULL,2007-11-09,5:00:00 AM,NULL,HILDA AVE,STEELES AVE W,HILDA AVE,4,NULL,1115,NULL,32,Willowdale(18),NULL,NULL,NULL,Steeles Ave W And Hilda Ave,North York,6004,STEELES AVE W
1847,13451893,Albion Rd,Silverstone Dr,5,NULL,NULL,NULL,NULL,5,"{'type': 'Point', 'coordinates': (-79.6000939933117, 43.7429520012624)}",NULL,NULL,NULL,2007-11-09,5:00:00 AM,NULL,SILVERSTONE DR,ALBION RD,SILVERSTONE DR,5,NULL,1156,NULL,23,Etobicoke North(1),NULL,NULL,NULL,Albion Rd And Silverstone Dr,Etobicoke York,6005,ALBION RD
1848,13459576,Dixon Rd,Kipling Ave,6,NULL,NULL,NULL,NULL,6,"{'type': 'Point', 'coordinates': (-79.5586490059244, 43.6942490044885)}",NULL,NULL,NULL,2008-03-18,4:00:00 AM,NULL,KIPLING AVE,DIXON RD,KIPLING AVE,6,NULL,435,NULL,23,Etobicoke North(1),NULL,Etobicoke Centre(2),NULL,Dixon Rd And Kipling Ave,Etobicoke York,6007,DIXON RD
1849,13448601,Steeles Ave W,Islington Ave,7,NULL,NULL,NULL,NULL,7,"{'type': 'Point', 'coordinates': (-79.5748709931268, 43.7643430030644)}",NULL,NULL,NULL,2008-10-28,4:00:00 AM,NULL,ISLINGTON AVE,STEELES AVE W,ISLINGTON AVE,7,NULL,1208,NULL,31,Humber River-Black Creek(7),NULL,NULL,NULL,Steeles Ave W And Islington Ave,Etobicoke York,6008,STEELES AVE W
1850,13450231,Sheppard Ave W,Wilson Heights Blvd,8,NULL,NULL,NULL,NULL,8,"{'type': 'Point', 'coordinates': (-79.4567510019211, 43.7516630010107)}",NULL,NULL,NULL,2009-03-17,4:00:00 AM,NULL,WILSON HEIGHTS BLVD,SHEPPARD AVE W,WILSON HEIGHTS BLVD,8,NULL,631,NULL,32,York Centre(6),NULL,NULL,NULL,Sheppard Ave W And Wilson Heights Blvd,North York,6009,SHEPPARD AVE W
1851,13449607,Bathurst St,Sheppard Ave W,9,NULL,NULL,NULL,NULL,9,"{'type': 'Point', 'coordinates': (-79.4384810044369, 43.7554580028968)}",NULL,NULL,NULL,2007-11-09,5:00:00 AM,NULL,SHEPPARD AVE W,BATHURST ST,SHEPPARD AVE W,9,NULL,672,NULL,32,York Centre(6),NULL,NULL,NULL,Bathurst St And Sheppard Ave W,North York,6010,BATHURST ST
1852,13455749,Lawrence Ave W,Marlee Ave,10,NULL,NULL,NULL,NULL,10,"{'type': 'Point', 'coordinates': (-79.4465200053405, 43.7156150035191)}",NULL,13,NULL,2008-03-19,4:00:00 AM,PRIVATE ACCESS,MARLEE AVE,LAWRENCE AVE W,MARLEE AVE,10,LAWRENCE SQUARE ACCESS,425,NULL,32,Eglinton-Lawrence(8),NULL,NULL,NULL,Lawrence Ave W And Marlee Ave / Private Access @ Lawrence Square Access,North York,6011,LAWRENCE AVE W
1853,13455135,Bathurst St,Lawrence Ave W,11,NULL,NULL,NULL,NULL,11,"{'type': 'Point', 'coordinates': (-79.4298159904052, 43.7192580018008)}",NULL,13,53,2008-08-11,4:00:00 AM,NULL,LAWRENCE AVE W,BATHURST ST,LAWRENCE AVE W,11,NULL,423,NULL,32,Eglinton-Lawrence(8),NULL,NULL,NULL,Bathurst St And Lawrence Ave W,North York,6012,BATHURST ST
1854,13444532,Bayview Ave,Cummer Ave,12,NULL,NULL,NULL,NULL,12,"{'type': 'Point', 'coordinates': (-79.3935960040456, 43.7922969999153)}",NULL,32,NULL,2009-03-17,4:00:00 AM,NULL,CUMMER AVE,BAYVIEW AVE,CUMMER AVE,12,NULL,651,NULL,33,Willowdale(18),NULL,Don Valley North(17),NULL,Bayview Ave And Cummer Ave,North York,6013,BAYVIEW AVE
1855,13452717,Leslie St,Lawrence Ave E,13,NULL,NULL,NULL,NULL,13,"{'type': 'Point', 'coordinates': (-79.3559789975746, 43.7345350020512)}",NULL,NULL,NULL,2008-05-29,4:00:00 AM,NULL,LAWRENCE AVE E,LESLIE ST,LAWRENCE AVE E,13,NULL,400,NULL,33,Don Valley West(15),NULL,Don Valley East(16),NULL,Leslie St And Lawrence Ave E,North York,6015,LESLIE ST
1856,13449822,Leslie St,York Mills Rd,14,NULL,NULL,NULL,NULL,14,"{'type': 'Point', 'coordinates': (-79.3599699911438, 43.7529540024844)}",NULL,NULL,NULL,2009-08-05,4:00:00 AM,NULL,YORK MILLS RD,LESLIE ST,YORK MILLS RD,14,NULL,755,NULL,33,Don Valley West(15),NULL,Don Valley East(16),NULL,Leslie St And York Mills Rd,North York,6016,LESLIE ST
1857,13448765,Bayview Ave,Truman Rd,15,NULL,NULL,NULL,NULL,15,"{'type': 'Point', 'coordinates': (-79.3866350029291, 43.7605860032119)}",NULL,32,NULL,2008-03-31,4:00:00 AM,FIFESHIRE RD,TRUMAN RD,BAYVIEW AVE,TRUMAN RD,15,NULL,1083,NULL,33,Don Valley West(15),NULL,NULL,NULL,Bayview Ave And Truman Rd / Fifeshire Rd,North York,6017,BAYVIEW AVE
1858,14038170,Midland Ave,McNicoll Ave,16,NULL,NULL,NULL,NULL,16,"{'type': 'Point', 'coordinates': (-79.2922180081124, 43.8145780077135)}",NULL,NULL,NULL,2008-10-09,4:00:00 AM,NULL,MCNICOLL AVE,MIDLAND AVE,MCNICOLL AVE,16,NULL,1540,NULL,42,Scarborough-Agincourt(22),NULL,Scarborough North(23),NULL,Midland Ave And Mcnicoll Ave,Scarborough,6018,MIDLAND AVE
1859,13441903,Steeles Ave E,Birchmount Rd,17,NULL,NULL,NULL,NULL,17,"{'type': 'Point', 'coordinates': (-79.3169249962472, 43.8213920039946)}",NULL,NULL,NULL,2009-03-17,4:00:00 AM,NULL,BIRCHMOUNT RD,STEELES AVE E,BIRCHMOUNT RD,17,NULL,1363,NULL,42,Scarborough-Agincourt(22),NULL,NULL,NULL,Steeles Ave E And Birchmount Rd,Scarborough,6019,STEELES AVE E
1860,13446799,Warden Ave,Arkona Dr,18,NULL,NULL,NULL,NULL,18,"{'type': 'Point', 'coordinates': (-79.3053560099501, 43.7730890055368)}",NULL,NULL,NULL,2008-08-11,4:00:00 AM,CLOVERLEAF GT,ARKONA DR,WARDEN AVE,ARKONA DR,18,NULL,927,NULL,42,Scarborough-Agincourt(22),NULL,NULL,NULL,Warden Ave And Arkona Dr / Cloverleaf Gt,Scarborough,6020,WARDEN AVE
1861,13441677,Steeles Ave E,Brimley Rd,19,NULL,NULL,NULL,NULL,19,"{'type': 'Point', 'coordinates': (-79.2872019971675, 43.8282939976019)}",NULL,NULL,NULL,2008-05-29,4:00:00 AM,NULL,BRIMLEY RD,STEELES AVE E,BRIMLEY RD,19,NULL,1491,NULL,42,Scarborough North(23),NULL,NULL,NULL,Steeles Ave E And Brimley Rd,Scarborough,6021,STEELES AVE E
1862,13465757,College St,Bathurst St,20,NULL,NULL,NULL,NULL,20,"{'type': 'Point', 'coordinates': (-79.4077219983493, 43.656481004806004)}",NULL,NULL,NULL,2008-08-11,4:00:00 AM,NULL,BATHURST ST,COLLEGE ST,BATHURST ST,20,NULL,300,NULL,14,University-Rosedale(11),NULL,NULL,NULL,College St And Bathurst St,Toronto and East York,6022,COLLEGE ST
1863,13447211,Morningside Ave,Lawrence Ave E,21,NULL,NULL,NULL,NULL,21,"{'type': 'Point', 'coordinates': (-79.1862250063822, 43.768408003812)}",NULL,NULL,NULL,2008-08-11,4:00:00 AM,NULL,LAWRENCE AVE E,MORNINGSIDE AVE,LAWRENCE AVE E,21,NULL,499,NULL,43,Scarborough-Guildwood(24),NULL,Scarborough-Rouge Park(25),NULL,Morningside Ave And Lawrence Ave E,Scarborough,6023,MORNINGSIDE AVE
1864,13461025,Dixon Rd,Carlingview Dr,22,NULL,NULL,NULL,NULL,22,"{'type': 'Point', 'coordinates': (-79.5955659976761, 43.6867570035774)}",NULL,NULL,NULL,2009-03-19,4:00:00 AM,NULL,CARLINGVIEW DR,DIXON RD,CARLINGVIEW DR,22,NULL,536,NULL,23,Etobicoke North(1),NULL,NULL,NULL,Dixon Rd And Carlingview Dr,Etobicoke York,6024,DIXON RD
1865,13457150,Dufferin St,Glencairn Ave,23,NULL,NULL,NULL,NULL,23,"{'type': 'Point', 'coordinates': (-79.4531800071891, 43.706982004009)}",NULL,NULL,NULL,2009-03-19,4:00:00 AM,NULL,GLENCAIRN AVE,DUFFERIN ST,GLENCAIRN AVE,23,NULL,613,NULL,13,Eglinton-Lawrence(8),NULL,NULL,NULL,Dufferin St And Glencairn Ave,North York,6025,DUFFERIN ST
1866,13456854,Overlea Blvd,Thorncliffe Park Dr,24,NULL,NULL,NULL,NULL,24,"{'type': 'Point', 'coordinates': (-79.3436250025507, 43.7074730060253)}",NULL,NULL,NULL,2008-10-29,4:00:00 AM,NULL,THORNCLIFFE PARK DR,OVERLEA BLVD,THORNCLIFFE PARK DR,24,NULL,679,EAST INTERSECTION,53,Don Valley West(15),NULL,NULL,NULL,Overlea Blvd And Thorncliffe Park Dr,North York,6026,OVERLEA BLVD
1867,13447843,Kennedy Rd,Ellesmere Rd,25,NULL,NULL,NULL,NULL,25,"{'type': 'Point', 'coordinates': (-79.2810780069511, 43.7658020019069)}",NULL,NULL,NULL,2008-03-28,4:00:00 AM,NULL,ELLESMERE RD,KENNEDY RD,ELLESMERE RD,25,NULL,696,NULL,41,Scarborough Centre(21),NULL,NULL,NULL,Kennedy Rd And Ellesmere Rd,Scarborough,6027,KENNEDY RD
1868,13444761,Leslie St,Finch Ave E,26,NULL,NULL,NULL,NULL,26,"{'type': 'Point', 'coordinates': (-79.3680670004262, 43.7900119961954)}",NULL,NULL,NULL,2008-10-21,4:00:00 AM,NULL,FINCH AVE E,LESLIE ST,FINCH AVE E,26,NULL,868,NULL,33,Don Valley North(17),NULL,NULL,NULL,Leslie St And Finch Ave E,North York,6028,LESLIE ST
1869,13444601,Birchmount Rd,Huntingwood Dr,27,NULL,NULL,NULL,NULL,27,"{'type': 'Point', 'coordinates': (-79.3022949978243, 43.79043999645231)}",NULL,NULL,NULL,2009-03-17,4:00:00 AM,NULL,HUNTINGWOOD DR,BIRCHMOUNT RD,HUNTINGWOOD DR,27,NULL,987,NULL,42,Scarborough-Agincourt(22),NULL,NULL,NULL,Birchmount Rd And Huntingwood Dr,Scarborough,6029,BIRCHMOUNT RD
1870,13443303,Kingston Rd,Port Union Rd,28,NULL,NULL,NULL,NULL,28,"{'type': 'Point', 'coordinates': (-79.1462229994315, 43.7989240015282)}",NULL,NULL,NULL,2008-03-18,4:00:00 AM,SHEPPARD AVE E,PORT UNION RD,KINGSTON RD,PORT UNION RD,28,NULL,1201,NULL,42,Scarborough-Rouge Park(25),NULL,NULL,NULL,Kingston Rd And Port Union Rd / Sheppard Ave E,Scarborough,6030,KINGSTON RD
1871,13468898,Bloor St W,The West Mall,29,NULL,NULL,NULL,NULL,29,"{'type': 'Point', 'coordinates': (-79.5623179959463, 43.6356249939783)}",NULL,NULL,NULL,2009-03-19,4:00:00 AM,NULL,THE WEST MALL,BLOOR ST W,THE WEST MALL,29,NULL,793,NULL,22,Etobicoke Centre(2),NULL,NULL,NULL,Bloor St W And The West Mall,Etobicoke York,6031,BLOOR ST W
1872,13470138,The Queensway,The West Mall,30,NULL,NULL,NULL,NULL,30,"{'type': 'Point', 'coordinates': (-79.56267699779691, 43.6123069968059)}",NULL,NULL,NULL,2008-11-20,5:00:00 AM,NULL,THE WEST MALL,THE QUEENSWAY,THE WEST MALL,30,NULL,912,NULL,22,Etobicoke-Lakeshore(3),NULL,NULL,NULL,The Queensway And The West Mall,Etobicoke York,6032,THE QUEENSWAY
1873,13470661,Lake Shore Blvd W,Thirty Seventh St,31,NULL,NULL,NULL,NULL,31,"{'type': 'Point', 'coordinates': (-79.5381799940711, 43.5933960003353)}",NULL,NULL,NULL,2009-03-19,4:00:00 AM,PRIVATE ACCESS,THIRTY SEVENTH ST,LAKE SHORE BLVD W,THIRTY SEVENTH ST,31,NULL,241,NULL,22,Etobicoke-Lakeshore(3),NULL,NULL,NULL,Lake Shore Blvd W And Thirty Seventh St / Private Access,Etobicoke York,6033,LAKE SHORE BLVD W
1874,13470261,Kipling Ave,Horner Ave,32,NULL,NULL,NULL,NULL,32,"{'type': 'Point', 'coordinates': (-79.5207509976317, 43.6072009967797)}",NULL,NULL,NULL,2008-03-19,4:00:00 AM,NULL,HORNER AVE,KIPLING AVE,HORNER AVE,32,NULL,764,NULL,22,Etobicoke-Lakeshore(3),NULL,NULL,NULL,Kipling Ave And Horner Ave,Etobicoke York,6034,KIPLING AVE
1875,13470082,The Queensway,North Queen St,33,NULL,NULL,NULL,NULL,33,"{'type': 'Point', 'coordinates': (-79.5561539918499, 43.6142170046664)}",NULL,NULL,NULL,2009-04-02,4:00:00 AM,PRIVATE ACCESS,NORTH QUEEN ST,THE QUEENSWAY,NORTH QUEEN ST,33,SHERWAY GARDENS,917,NULL,22,Etobicoke-Lakeshore(3),NULL,NULL,NULL,The Queensway And North Queen St / Private Access @ Sherway Gardens,Etobicoke York,6035,THE QUEENSWAY
1876,13453096,Wilson Ave,Transit Rd,34,NULL,NULL,NULL,NULL,34,"{'type': 'Point', 'coordinates': (-79.4528629934421, 43.7333830014361)}",NULL,NULL,NULL,2009-08-21,4:00:00 AM,BILLY BISHOP WAY,TRANSIT RD,WILSON AVE,TRANSIT RD,34,NULL,1237,WILSON STN ENTRANCE,32,York Centre(6),NULL,NULL,NULL,Wilson Ave And Transit Rd / Billy Bishop Way,North York,6036,WILSON AVE
1877,13468807,Lake Shore Blvd W,Windermere Ave,35,NULL,NULL,NULL,NULL,35,"{'type': 'Point', 'coordinates': (-79.46814699688, 43.6351890029381)}",NULL,NULL,NULL,2008-05-29,4:00:00 AM,PRIVATE ACCESS,WINDERMERE AVE,LAKE SHORE BLVD W,WINDERMERE AVE,35,NULL,229,NULL,11,Parkdale-High Park(4),NULL,NULL,NULL,Lake Shore Blvd W And Windermere Ave / Private Access,Toronto and East York,6037,LAKE SHORE BLVD W
1878,13442867,Warden Ave,McNicoll Ave,36,NULL,NULL,NULL,NULL,36,"{'type': 'Point', 'coordinates': (-79.3209749936509, 43.8063490021709)}",NULL,NULL,NULL,2009-03-17,4:00:00 AM,NULL,MCNICOLL AVE,WARDEN AVE,MCNICOLL AVE,36,NULL,1287,NULL,42,Scarborough-Agincourt(22),NULL,NULL,NULL,Warden Ave And Mcnicoll Ave,Scarborough,6038,WARDEN AVE
1879,13454197,Keele St,Wilson Ave,37,NULL,NULL,NULL,NULL,37,"{'type': 'Point', 'coordinates': (-79.4820690045095, 43.7266419991172)}",NULL,NULL,NULL,2008-05-29,4:00:00 AM,NULL,WILSON AVE,KEELE ST,WILSON AVE,37,NULL,597,NULL,31,York Centre(6),NULL,NULL,NULL,Keele St And Wilson Ave,North York,6039,KEELE ST
1880,13464191,Lansdowne Ave,Dupont St,38,NULL,NULL,NULL,NULL,38,"{'type': 'Point', 'coordinates': (-79.44646099433211, 43.66672500026281)}",NULL,NULL,NULL,2008-03-26,4:00:00 AM,NULL,DUPONT ST,LANSDOWNE AVE,DUPONT ST,38,NULL,844,NULL,11,Davenport(9),NULL,NULL,NULL,Lansdowne Ave And Dupont St,Toronto and East York,6040,LANSDOWNE AVE
1881,13468197,Queen St W,Lansdowne Ave,39,NULL,NULL,NULL,NULL,39,"{'type': 'Point', 'coordinates': (-79.4369899986827, 43.6405599995531)}",NULL,14,NULL,2009-01-21,5:00:00 AM,JAMESON AVE,LANSDOWNE AVE,QUEEN ST W,LANSDOWNE AVE,39,NULL,1981,NULL,11,Parkdale-High Park(4),NULL,NULL,NULL,Queen St W And Lansdowne Ave / Jameson Ave,Toronto and East York,6041,QUEEN ST W
1882,13467689,Burnhamthorpe Rd,The East Mall,40,NULL,NULL,NULL,NULL,40,"{'type': 'Point', 'coordinates': (-79.5599919958505, 43.646303004340304)}",NULL,NULL,NULL,2008-03-26,4:00:00 AM,NULL,THE EAST MALL,BURNHAMTHORPE RD,THE EAST MALL,40,NULL,948,NULL,22,Etobicoke Centre(2),NULL,NULL,NULL,Burnhamthorpe Rd And The East Mall,Etobicoke York,6042,BURNHAMTHORPE RD
1883,13451388,Keele St,Sheppard Ave W,41,NULL,NULL,NULL,NULL,41,"{'type': 'Point', 'coordinates': (-79.4864519947699, 43.7447770044339)}",NULL,NULL,NULL,2009-03-17,4:00:00 AM,NULL,SHEPPARD AVE W,KEELE ST,SHEPPARD AVE W,41,NULL,600,NULL,31,York Centre(6),NULL,NULL,NULL,Keele St And Sheppard Ave W,North York,6043,KEELE ST
1884,13460183,Jane St,Bala Ave,42,NULL,NULL,NULL,NULL,42,"{'type': 'Point', 'coordinates': (-79.5006009970776, 43.6901420045761)}",NULL,NULL,NULL,2008-05-16,4:00:00 AM,EMMETT AVE,BALA AVE,JANE ST,BALA AVE,42,NULL,1317,NULL,12,York South-Weston(5),NULL,NULL,NULL,Jane St And Bala Ave / Emmett Ave,Etobicoke York,6045,JANE ST
1885,13451997,Jane St,Clair Rd,43,NULL,NULL,NULL,NULL,43,"{'type': 'Point', 'coordinates': (-79.5136850048347, 43.74124000574)}",NULL,NULL,NULL,2008-10-09,4:00:00 AM,SPENVALLEY DR,CLAIR RD,JANE ST,CLAIR RD,43,NULL,1127,NULL,31,Humber River-Black Creek(7),NULL,NULL,NULL,Jane St And Clair Rd / Spenvalley Dr,Etobicoke York,6046,JANE ST
1886,NULL,NULL,NULL,44,NULL,NULL,NULL,NULL,44,"{'type': 'Point', 'coordinates': (-79.3074270054452, 43.7124530074629)}",NULL,NULL,NULL,2008-08-11,4:00:00 AM,YARDLEY AVE,BERMONDSEY RD,O CONNOR DR,BERMONDSEY RD,44,NULL,448,NULL,54,Beaches-East York(19),NULL,NULL,NULL,O Connor Dr And Bermondsey Rd / Yardley Ave,Toronto and East York,6047,O CONNOR DR
1887,13458312,Danforth Ave,Birchmount Rd,45,NULL,NULL,NULL,NULL,45,"{'type': 'Point', 'coordinates': (-79.2639990061325, 43.6969930097833)}",NULL,NULL,NULL,2009-04-01,4:00:00 AM,NULL,BIRCHMOUNT RD,DANFORTH AVE,BIRCHMOUNT RD,45,NULL,359,NULL,41,Scarborough Southwest(20),NULL,NULL,NULL,Danforth Ave And Birchmount Rd,Scarborough,6048,DANFORTH AVE
1888,13460559,Islington Ave,The Westway,46,NULL,NULL,NULL,NULL,46,"{'type': 'Point', 'coordinates': (-79.5428729970172, 43.6886200015324)}",NULL,NULL,NULL,2008-12-10,5:00:00 AM,NULL,THE WESTWAY,ISLINGTON AVE,THE WESTWAY,46,NULL,711,NULL,23,Etobicoke Centre(2),NULL,NULL,NULL,Islington Ave And The Westway,Etobicoke York,6049,ISLINGTON AVE
1889,13462422,Bathurst St,Davenport Rd,47,NULL,NULL,NULL,NULL,47,"{'type': 'Point', 'coordinates': (-79.415786001934, 43.6767300085459)}",NULL,NULL,NULL,2009-03-18,4:00:00 AM,NULL,DAVENPORT RD,BATHURST ST,DAVENPORT RD,47,NULL,384,NULL,13,Toronto-St. Paul's(12),NULL,NULL,NULL,Bathurst St And Davenport Rd,Toronto and East York,6050,BATHURST ST
1890,13454488,Warden Ave,Comstock Rd,48,NULL,NULL,NULL,NULL,48,"{'type': 'Point', 'coordinates': (-79.2849930048744, 43.7215320000156)}",NULL,NULL,NULL,2008-10-28,4:00:00 AM,NULL,COMSTOCK RD,WARDEN AVE,COMSTOCK RD,48,NULL,690,NULL,41,Scarborough Southwest(20),NULL,NULL,NULL,Warden Ave And Comstock Rd,Scarborough,6051,WARDEN AVE
1891,13464080,Eastern Ave,Lower Coxwell Ave,49,NULL,NULL,NULL,NULL,49,"{'type': 'Point', 'coordinates': (-79.3162150008697, 43.6654930038606)}",NULL,NULL,NULL,2009-08-13,4:00:00 AM,NULL,LOWER COXWELL AVE,EASTERN AVE,LOWER COXWELL AVE,49,NULL,301,NULL,55,Toronto-Danforth(14),NULL,Beaches-East York(19),NULL,Eastern Ave And Lower Coxwell Ave,Toronto and East York,6053,EASTERN AVE
1892,13446743,Midland Ave,Progress Ave,50,NULL,NULL,NULL,NULL,50,"{'type': 'Point', 'coordinates': (-79.2729859942398, 43.7729650001435)}",NULL,NULL,NULL,2009-04-16,4:00:00 AM,NULL,PROGRESS AVE,MIDLAND AVE,PROGRESS AVE,50,NULL,691,NULL,41,Scarborough Centre(21),NULL,NULL,NULL,Midland Ave And Progress Ave,Scarborough,6055,MIDLAND AVE
1893,13448868,Lawrence Ave E,Bellamy Rd N,51,NULL,NULL,NULL,NULL,51,"{'type': 'Point', 'coordinates': (-79.2352669931062, 43.757721009063)}",NULL,NULL,NULL,2009-04-01,4:00:00 AM,NULL,BELLAMY RD N,LAWRENCE AVE E,BELLAMY RD N,51,NULL,416,NULL,43,Scarborough Centre(21),NULL,Scarborough-Guildwood(24),NULL,Lawrence Ave E And Bellamy Rd N,Scarborough,6056,LAWRENCE AVE E
1894,13456762,Danforth Rd,Birchmount Rd,52,NULL,NULL,NULL,NULL,52,"{'type': 'Point', 'coordinates': (-79.2681300060353, 43.7069980024562)}",NULL,NULL,NULL,2010-02-25,5:00:00 AM,NULL,BIRCHMOUNT RD,DANFORTH RD,BIRCHMOUNT RD,52,NULL,417,NULL,41,Scarborough Southwest(20),NULL,NULL,NULL,Danforth Rd And Birchmount Rd,Scarborough,6058,DANFORTH RD
1895,13454486,St Clair Ave E,Brimley Rd,53,NULL,NULL,NULL,NULL,53,"{'type': 'Point', 'coordinates': (-79.241447998072, 43.72087500561581)}",NULL,43,NULL,2009-08-21,4:00:00 AM,NULL,BRIMLEY RD,ST CLAIR AVE E,BRIMLEY RD,53,NULL,497,NULL,41,Scarborough Southwest(20),NULL,NULL,NULL,St Clair Ave E And Brimley Rd,Scarborough,6059,ST CLAIR AVE E
1896,13456952,Keele St,Lawrence Ave W,54,NULL,NULL,NULL,NULL,54,"{'type': 'Point', 'coordinates': (-79.4780619980855, 43.70865900724171)}",NULL,NULL,NULL,2009-03-19,4:00:00 AM,NULL,LAWRENCE AVE W,KEELE ST,LAWRENCE AVE W,54,NULL,428,NULL,12,York South-Weston(5),NULL,NULL,NULL,Keele St And Lawrence Ave W,Etobicoke York,6060,KEELE ST
1897,13464908,Bloor St W,Ossington Ave,55,NULL,NULL,NULL,NULL,55,"{'type': 'Point', 'coordinates': (-79.4256589977268, 43.6619839983533)}",NULL,NULL,NULL,2011-11-22,5:00:00 AM,NULL,OSSINGTON AVE,BLOOR ST W,OSSINGTON AVE,55,NULL,341,NULL,14,Davenport(9),NULL,University-Rosedale(11),NULL,Bloor St W And Ossington Ave,Toronto and East York,6061,BLOOR ST W
1898,13461356,Danforth Ave,Greenwood Ave,56,NULL,NULL,NULL,NULL,56,"{'type': 'Point', 'coordinates': (-79.3323819969191, 43.6814840035033)}",NULL,55,NULL,2010-01-07,5:00:00 AM,NULL,GREENWOOD AVE,DANFORTH AVE,GREENWOOD AVE,56,NULL,348,NULL,54,Toronto-Danforth(14),NULL,NULL,NULL,Danforth Ave And Greenwood Ave,Toronto and East York,6062,DANFORTH AVE
1899,13463494,Queen St E,Woodbine Ave,57,NULL,NULL,NULL,NULL,57,"{'type': 'Point', 'coordinates': (-79.3057750019252, 43.6687570069778)}",NULL,NULL,NULL,2009-08-06,4:00:00 AM,NULL,WOODBINE AVE,QUEEN ST E,WOODBINE AVE,57,NULL,548,NULL,55,Beaches-East York(19),NULL,NULL,NULL,Queen St E And Woodbine Ave,Toronto and East York,6063,QUEEN ST E
1900,13466630,King St E,Jarvis St,58,NULL,NULL,NULL,NULL,58,"{'type': 'Point', 'coordinates': (-79.3719129962965, 43.6504630011365)}",NULL,NULL,NULL,2009-08-06,4:00:00 AM,NULL,JARVIS ST,KING ST E,JARVIS ST,58,NULL,3,NULL,51,Toronto Centre(13),NULL,NULL,NULL,King St E And Jarvis St,Toronto and East York,6064,KING ST E
1901,13465164,Lake Shore Blvd E,Leslie St,59,NULL,NULL,NULL,NULL,59,"{'type': 'Point', 'coordinates': (-79.3284359942956, 43.6592350040891)}",NULL,NULL,NULL,2009-08-06,4:00:00 AM,NULL,LESLIE ST,LAKE SHORE BLVD E,LESLIE ST,59,NULL,206,NULL,55,Toronto-Danforth(14),NULL,NULL,NULL,Lake Shore Blvd E And Leslie St,Toronto and East York,6065,LAKE SHORE BLVD E
1902,13467011,Lower Jarvis St,The Esplanade,60,NULL,NULL,NULL,NULL,60,"{'type': 'Point', 'coordinates': (-79.3709320014031, 43.6482249963251)}",NULL,NULL,NULL,2009-08-06,4:00:00 AM,NULL,THE ESPLANADE,LOWER JARVIS ST,THE ESPLANADE,60,NULL,1392,NULL,51,Spadina-Fort York(10),NULL,Toronto Centre(13),NULL,Lower Jarvis St And The Esplanade,Toronto and East York,6066,LOWER JARVIS ST
1903,13465837,Lake Shore Blvd E,Carlaw Ave,61,NULL,NULL,NULL,NULL,61,"{'type': 'Point', 'coordinates': (-79.3374340022338, 43.6549600017234)}",NULL,NULL,NULL,2009-08-06,4:00:00 AM,NULL,CARLAW AVE,LAKE SHORE BLVD E,CARLAW AVE,61,NULL,207,NULL,55,Toronto-Danforth(14),NULL,NULL,NULL,Lake Shore Blvd E And Carlaw Ave,Toronto and East York,6067,LAKE SHORE BLVD E
1904,13461587,Rogers Rd,Keele St,62,NULL,NULL,NULL,NULL,62,"{'type': 'Point', 'coordinates': (-79.47159799794892, 43.6821360027129)}",NULL,NULL,NULL,2009-09-08,4:00:00 AM,NULL,KEELE ST,ROGERS RD,KEELE ST,62,NULL,394,NULL,12,York South-Weston(5),NULL,NULL,NULL,Rogers Rd And Keele St,Etobicoke York,6068,ROGERS RD
1905,13465876,Dundas St W,Bloor St W,63,NULL,NULL,NULL,NULL,63,"{'type': 'Point', 'coordinates': (-79.4524529944122, 43.6563210073069)}",NULL,NULL,NULL,2009-08-11,4:00:00 AM,NULL,BLOOR ST W,DUNDAS ST W,BLOOR ST W,63,NULL,327,NULL,11,Parkdale-High Park(4),NULL,NULL,NULL,Dundas St W And Bloor St W,Toronto and East York,6069,DUNDAS ST W
1906,NULL,NULL,NULL,64,NULL,NULL,NULL,NULL,64,"{'type': 'Point', 'coordinates': (-79.4021950065855, 43.7251010003172)}",NULL,53,NULL,2009-08-05,4:00:00 AM,NULL,LAWRENCE AVE,YONGE ST,LAWRENCE AVE,64,NULL,55,NULL,32,Eglinton-Lawrence(8),NULL,Don Valley West(15),NULL,Yonge St And Lawrence Ave,North York,6070,YONGE ST
1907,13457863,Eglinton Ave W,Spadina Rd,65,NULL,NULL,NULL,NULL,65,"{'type': 'Point', 'coordinates': (-79.4191080086644, 43.7023509956489)}",NULL,53,NULL,2010-01-07,5:00:00 AM,NULL,SPADINA RD,EGLINTON AVE W,SPADINA RD,65,NULL,99,NULL,13,Eglinton-Lawrence(8),NULL,Toronto-St. Paul's(12),NULL,Eglinton Ave W And Spadina Rd,North York,6072,EGLINTON AVE W
1908,13452266,Lawrence Ave E,Don Mills Rd,66,NULL,NULL,NULL,NULL,66,"{'type': 'Point', 'coordinates': (-79.3434479955005, 43.7371730050547)}",NULL,NULL,NULL,2009-09-10,4:00:00 AM,NULL,DON MILLS RD,LAWRENCE AVE E,DON MILLS RD,66,NULL,402,NULL,33,Don Valley East(16),NULL,NULL,NULL,Lawrence Ave E And Don Mills Rd,North York,6074,LAWRENCE AVE E
1909,13443509,Neilson Rd,Sheppard Ave E,67,NULL,NULL,NULL,NULL,67,"{'type': 'Point', 'coordinates': (-79.2176650080531, 43.7981220089414)}",NULL,NULL,NULL,2009-08-04,4:00:00 AM,NULL,SHEPPARD AVE E,NEILSON RD,SHEPPARD AVE E,67,NULL,1222,NULL,42,Scarborough North(23),NULL,Scarborough-Rouge Park(25),NULL,Neilson Rd And Sheppard Ave E,Scarborough,6075,NEILSON RD
1910,13443955,Sheppard Ave E,Malvern St,68,NULL,NULL,NULL,NULL,68,"{'type': 'Point', 'coordinates': (-79.2349310078247, 43.7946620094042)}",NULL,NULL,NULL,2009-08-04,4:00:00 AM,PROGRESS AVE,MALVERN ST,SHEPPARD AVE E,MALVERN ST,68,NULL,1568,NULL,42,Scarborough North(23),NULL,NULL,NULL,Sheppard Ave E And Malvern St / Progress Ave,Scarborough,6076,SHEPPARD AVE E
1911,13445757,Ellesmere Rd,Military Trl,69,NULL,NULL,NULL,NULL,69,"{'type': 'Point', 'coordinates': (-79.1883100064072, 43.7865780023884)}",NULL,NULL,NULL,2009-08-05,4:00:00 AM,NULL,MILITARY TRL,ELLESMERE RD,MILITARY TRL,69,NULL,1195,NULL,43,Scarborough-Rouge Park(25),NULL,NULL,NULL,Ellesmere Rd And Military Trl,Scarborough,6077,ELLESMERE RD
1912,14228400,Kennedy Rd,401 C E Kennedy Rd Ramp,70,NULL,NULL,NULL,NULL,70,"{'type': 'Point', 'coordinates': (-79.2838680047475, 43.7731870021528)}",NULL,NULL,NULL,2017-12-19,5:00:00 AM,WILLIAM KITCHEN RD,401 C E KENNEDY RD RAMP,KENNEDY RD,401 C E KENNEDY RD RAMP,70,NULL,920,HWY 401 SOUTH INTERSECTION,41,Scarborough Centre(21),NULL,NULL,NULL,Kennedy Rd And 401 C E Kennedy Rd Ramp / William Kitchen Rd,Scarborough,6078,KENNEDY RD
1913,13466730,University Ave,Richmond St W,71,NULL,NULL,NULL,NULL,71,"{'type': 'Point', 'coordinates': (-79.3862910070768, 43.6500869989537)}",NULL,NULL,NULL,2017-07-24,4:00:00 AM,NULL,RICHMOND ST W,UNIVERSITY AVE,RICHMOND ST W,71,NULL,79,NULL,52,Spadina-Fort York(10),NULL,NULL,NULL,University Ave And Richmond St W,Toronto and East York,6079,UNIVERSITY AVE
1914,13466117,Adelaide St E,Parliament St,72,NULL,NULL,NULL,NULL,72,"{'type': 'Point', 'coordinates': (-79.3635979983947, 43.6535639991237)}",NULL,NULL,NULL,2017-06-05,4:00:00 AM,NULL,PARLIAMENT ST,ADELAIDE ST E,PARLIAMENT ST,72,NULL,214,NULL,51,Toronto Centre(13),NULL,NULL,NULL,Adelaide St E And Parliament St,Toronto and East York,6080,ADELAIDE ST E
1915,13466931,University Ave,Adelaide St W,73,NULL,NULL,NULL,NULL,73,"{'type': 'Point', 'coordinates': (-79.3855560013834, 43.6488690023181)}",NULL,NULL,NULL,2017-10-20,4:00:00 AM,NULL,ADELAIDE ST W,UNIVERSITY AVE,ADELAIDE ST W,73,NULL,78,NULL,52,Spadina-Fort York(10),NULL,NULL,NULL,University Ave And Adelaide St W,Toronto and East York,6081,UNIVERSITY AVE
1916,13460075,Dixon Rd,Martin Grove Rd,74,NULL,NULL,NULL,NULL,74,"{'type': 'Point', 'coordinates': (-79.5708379982085, 43.6915920028019)}",NULL,NULL,NULL,2017-07-10,4:00:00 AM,NULL,MARTIN GROVE RD,DIXON RD,MARTIN GROVE RD,74,NULL,437,NULL,23,Etobicoke North(1),NULL,Etobicoke Centre(2),NULL,Dixon Rd And Martin Grove Rd,Etobicoke York,6082,DIXON RD
1917,13466604,University Ave,Queen St W,75,NULL,NULL,NULL,NULL,75,"{'type': 'Point', 'coordinates': (-79.3866280046579, 43.6508519992253)}",NULL,NULL,NULL,2017-08-31,4:00:00 AM,NULL,QUEEN ST W,UNIVERSITY AVE,QUEEN ST W,75,NULL,80,NULL,52,Spadina-Fort York(10),NULL,NULL,NULL,University Ave And Queen St W,Toronto and East York,6083,UNIVERSITY AVE
1918,13454197,Keele St,Wilson Ave,76,NULL,NULL,NULL,NULL,76,"{'type': 'Point', 'coordinates': (-79.4820690045095, 43.7266419991172)}",NULL,NULL,NULL,2017-10-20,4:00:00 AM,NULL,WILSON AVE,KEELE ST,WILSON AVE,76,NULL,597,NULL,31,York Centre(6),NULL,NULL,NULL,Keele St And Wilson Ave,North York,6084,KEELE ST
1919,13468307,Lake Shore Blvd W,Spadina Ave,77,NULL,NULL,NULL,NULL,77,"{'type': 'Point', 'coordinates': (-79.3922259986906, 43.6384530045981)}",NULL,52,NULL,2017-08-08,4:00:00 AM,LOWER SPADINA AVE,SPADINA AVE,LAKE SHORE BLVD W,SPADINA AVE,77,NULL,215,E/B LAKE SHORE BLVD,14,Spadina-Fort York(10),NULL,NULL,NULL,Lake Shore Blvd W And Spadina Ave / Lower Spadina Ave,Toronto and East York,6085,LAKE SHORE BLVD W
1920,13469683,Lake Shore Blvd W,Park Lawn Rd,78,NULL,NULL,NULL,NULL,78,"{'type': 'Point', 'coordinates': (-79.4812110096601, 43.6229680112056)}",NULL,NULL,NULL,2017-10-06,4:00:00 AM,MARINE PARADE DR,PARK LAWN RD,LAKE SHORE BLVD W,PARK LAWN RD,78,NULL,230,NULL,22,Etobicoke-Lakeshore(3),NULL,NULL,NULL,Lake Shore Blvd W And Park Lawn Rd / Marine Parade Dr,Etobicoke York,6086,LAKE SHORE BLVD W
1921,13447964,Sheppard Ave E,Bayview Ave,79,NULL,NULL,NULL,NULL,79,"{'type': 'Point', 'coordinates': (-79.38805600118, 43.7665890046042)}",NULL,32,NULL,2017-07-14,4:00:00 AM,NULL,BAYVIEW AVE,SHEPPARD AVE E,BAYVIEW AVE,79,NULL,648,NULL,33,Willowdale(18),NULL,Don Valley North(17),NULL,Sheppard Ave E And Bayview Ave,North York,6087,SHEPPARD AVE E
1922,13447719,Steeles Ave W,Weston Rd,80,NULL,NULL,NULL,NULL,80,"{'type': 'Point', 'coordinates': (-79.5465260053289, 43.7702810010402)}",NULL,NULL,NULL,2017-10-30,4:00:00 AM,NULL,WESTON RD,STEELES AVE W,WESTON RD,80,NULL,1289,NULL,31,Humber River-Black Creek(7),NULL,NULL,NULL,Steeles Ave W And Weston Rd,Etobicoke York,6088,STEELES AVE W
1923,13448786,Lawrence Ave E,Greencedar Crct,81,NULL,NULL,NULL,NULL,81,"{'type': 'Point', 'coordinates': (-79.2330769989999, 43.7581840043566)}",NULL,NULL,NULL,2017-03-10,5:00:00 AM,GREENBRAE CRCT,GREENCEDAR CRCT,LAWRENCE AVE E,GREENCEDAR CRCT,81,NULL,419,NULL,43,Scarborough-Guildwood(24),NULL,NULL,NULL,Lawrence Ave E And Greencedar Crct / Greenbrae Crct,Scarborough,6089,LAWRENCE AVE E
1924,13443562,Finch Ave E,Birchmount Rd,82,NULL,NULL,NULL,NULL,82,"{'type': 'Point', 'coordinates': (-79.3059809951566, 43.7989979995184)}",NULL,NULL,NULL,2017-03-10,5:00:00 AM,NULL,BIRCHMOUNT RD,FINCH AVE E,BIRCHMOUNT RD,82,NULL,1138,NULL,42,Scarborough-Agincourt(22),NULL,NULL,NULL,Finch Ave E And Birchmount Rd,Scarborough,6090,FINCH AVE E
1925,13468751,Bloor St W,The East Mall,83,NULL,NULL,NULL,NULL,83,"{'type': 'Point', 'coordinates': (-79.5567089997178, 43.6369290009577)}",NULL,NULL,NULL,2017-12-19,5:00:00 AM,NULL,THE EAST MALL,BLOOR ST W,THE EAST MALL,83,NULL,792,NULL,22,Etobicoke Centre(2),NULL,Etobicoke-Lakeshore(3),NULL,Bloor St W And The East Mall,Etobicoke York,6092,BLOOR ST W
1926,13455040,Wilson Ave,Jane St,84,NULL,NULL,NULL,NULL,84,"{'type': 'Point', 'coordinates': (-79.5086339938217, 43.7209150020263)}",NULL,NULL,NULL,2017-03-09,5:00:00 AM,NULL,JANE ST,WILSON AVE,JANE ST,84,NULL,532,NULL,31,Humber River-Black Creek(7),NULL,York Centre(6),NULL,Wilson Ave And Jane St,Etobicoke York,6094,WILSON AVE
1927,13442867,Warden Ave,McNicoll Ave,85,NULL,NULL,NULL,NULL,85,"{'type': 'Point', 'coordinates': (-79.3209749936509, 43.8063490021709)}",NULL,NULL,NULL,2017-03-10,5:00:00 AM,NULL,MCNICOLL AVE,WARDEN AVE,MCNICOLL AVE,85,NULL,1287,NULL,42,Scarborough-Agincourt(22),NULL,NULL,NULL,Warden Ave And Mcnicoll Ave,Scarborough,6095,WARDEN AVE
1928,13446042,Steeles Ave W,Keele St,86,NULL,NULL,NULL,NULL,86,"{'type': 'Point', 'coordinates': (-79.49450599924522, 43.7815790029302)}",NULL,NULL,NULL,2017-03-10,5:00:00 AM,NULL,KEELE ST,STEELES AVE W,KEELE ST,86,NULL,602,NULL,31,Humber River-Black Creek(7),NULL,York Centre(6),NULL,Steeles Ave W And Keele St,Etobicoke York,6097,STEELES AVE W
1929,13467345,University Ave,Wellington St W,87,NULL,NULL,NULL,NULL,87,"{'type': 'Point', 'coordinates': (-79.3840989922877, 43.64638300468851)}",NULL,NULL,NULL,2017-09-06,4:00:00 AM,NULL,WELLINGTON ST W,UNIVERSITY AVE,WELLINGTON ST W,87,NULL,76,NULL,52,Spadina-Fort York(10),NULL,NULL,NULL,University Ave And Wellington St W,Toronto and East York,6098,UNIVERSITY AVE
1930,13452362,Albion Rd,Kipling Ave,88,NULL,NULL,NULL,NULL,88,"{'type': 'Point', 'coordinates': (-79.5804020028511, 43.7397240059444)}",NULL,NULL,NULL,2017-07-10,4:00:00 AM,NULL,KIPLING AVE,ALBION RD,KIPLING AVE,88,NULL,734,NULL,23,Etobicoke North(1),NULL,NULL,NULL,Albion Rd And Kipling Ave,Etobicoke York,6099,ALBION RD
1931,13469800,The Queensway,Kipling Ave,89,NULL,NULL,NULL,NULL,89,"{'type': 'Point', 'coordinates': (-79.5267410052857, 43.6209179956827)}",NULL,NULL,NULL,2018-09-05,4:00:00 AM,NULL,KIPLING AVE,THE QUEENSWAY,KIPLING AVE,89,NULL,568,NULL,22,Etobicoke-Lakeshore(3),NULL,NULL,NULL,The Queensway And Kipling Ave,Etobicoke York,6100,THE QUEENSWAY
1932,13444088,Finch Ave E,Gordon Baker Rd,90,NULL,NULL,NULL,NULL,90,"{'type': 'Point', 'coordinates': (-79.3412610045643, 43.7951470000125)}",NULL,NULL,NULL,2017-11-30,5:00:00 AM,FINCH E 404 N RAMP,GORDON BAKER RD,FINCH AVE E,GORDON BAKER RD,90,NULL,1181,NULL,33,Don Valley North(17),NULL,NULL,NULL,Finch Ave E And Gordon Baker Rd / Finch E 404 N Ramp,North York,6101,FINCH AVE E
1933,13463674,Jarvis St,Isabella St,91,NULL,NULL,NULL,NULL,91,"{'type': 'Point', 'coordinates': (-79.3794520049809, 43.6688930027192)}",NULL,NULL,NULL,2017-03-13,4:00:00 AM,NULL,ISABELLA ST,JARVIS ST,ISABELLA ST,91,NULL,12,NULL,51,Toronto Centre(13),NULL,NULL,NULL,Jarvis St And Isabella St,Toronto and East York,6102,JARVIS ST
1934,13452352,Danforth Rd,Brimley Rd,92,NULL,NULL,NULL,NULL,92,"{'type': 'Point', 'coordinates': (-79.2473840010046, 43.7351730038106)}",NULL,43,NULL,2017-03-10,5:00:00 AM,NULL,BRIMLEY RD,DANFORTH RD,BRIMLEY RD,92,NULL,378,NULL,41,Scarborough Southwest(20),NULL,NULL,NULL,Danforth Rd And Brimley Rd,Scarborough,6103,DANFORTH RD
1935,13442036,McCowan Rd,McNicoll Ave,93,NULL,NULL,NULL,NULL,93,"{'type': 'Point', 'coordinates': (-79.2719800057721, 43.8179410082595)}",NULL,NULL,NULL,2017-03-14,4:00:00 AM,NULL,MCNICOLL AVE,MCCOWAN RD,MCNICOLL AVE,93,NULL,1493,NULL,42,Scarborough North(23),NULL,NULL,NULL,Mccowan Rd And Mcnicoll Ave,Scarborough,6105,MCCOWAN RD
1936,13463362,St Clair Ave W,Gunns Rd,94,NULL,NULL,NULL,NULL,94,"{'type': 'Point', 'coordinates': (-79.4711240063789, 43.6717810093395)}",NULL,11,NULL,2017-07-10,4:00:00 AM,OLD STOCK YARDS RD,GUNNS RD,ST CLAIR AVE W,GUNNS RD,94,HOME DEPOT ENTRANCE,1404,NULL,12,York South-Weston(5),NULL,NULL,NULL,St Clair Ave W And Gunns Rd / Old Stock Yards Rd @ Home Depot Entrance,Etobicoke York,6106,ST CLAIR AVE W
1937,13467505,Spadina Ave,King St W,95,NULL,NULL,NULL,NULL,95,"{'type': 'Point', 'coordinates': (-79.3950459963437, 43.6454700030013)}",NULL,52,NULL,2017-11-03,4:00:00 AM,NULL,KING ST W,SPADINA AVE,KING ST W,95,NULL,273,NULL,14,Spadina-Fort York(10),NULL,NULL,NULL,Spadina Ave And King St W,Toronto and East York,6107,SPADINA AVE
1938,13444619,Sheppard Ave E,McCowan Rd,96,NULL,NULL,NULL,NULL,96,"{'type': 'Point', 'coordinates': (-79.2588380089157, 43.7896200075726)}",NULL,NULL,NULL,2017-03-10,5:00:00 AM,NULL,MCCOWAN RD,SHEPPARD AVE E,MCCOWAN RD,96,NULL,938,NULL,42,Scarborough North(23),NULL,NULL,NULL,Sheppard Ave E And Mccowan Rd,Scarborough,6108,SHEPPARD AVE E
1939,13466241,King St E,Parliament St,97,NULL,NULL,NULL,NULL,97,"{'type': 'Point', 'coordinates': (-79.3632450108231, 43.6527289986933)}",NULL,NULL,NULL,2017-03-10,5:00:00 AM,NULL,PARLIAMENT ST,KING ST E,PARLIAMENT ST,97,NULL,245,NULL,51,Toronto Centre(13),NULL,NULL,NULL,King St E And Parliament St,Toronto and East York,6109,KING ST E
1940,13456327,Rexdale Blvd,Martin Grove Rd,98,NULL,NULL,NULL,NULL,98,"{'type': 'Point', 'coordinates': (-79.581117010177, 43.7138439993169)}",NULL,NULL,NULL,2017-04-11,4:00:00 AM,NULL,MARTIN GROVE RD,REXDALE BLVD,MARTIN GROVE RD,98,NULL,790,NULL,23,Etobicoke North(1),NULL,NULL,NULL,Rexdale Blvd And Martin Grove Rd,Etobicoke York,6110,REXDALE BLVD
1941,13469998,The Queensway,The East Mall,99,NULL,NULL,NULL,NULL,99,"{'type': 'Point', 'coordinates': (-79.5462869918465, 43.6164190042953)}",NULL,NULL,NULL,2017-10-06,4:00:00 AM,NULL,THE EAST MALL,THE QUEENSWAY,THE EAST MALL,99,NULL,911,NULL,22,Etobicoke-Lakeshore(3),NULL,NULL,NULL,The Queensway And The East Mall,Etobicoke York,6111,THE QUEENSWAY
1942,13460975,St Clair Ave W,Spadina Rd,100,NULL,NULL,NULL,NULL,100,"{'type': 'Point', 'coordinates': (-79.4111690060153, 43.6846250039646)}",NULL,53,NULL,2017-07-14,4:00:00 AM,NULL,SPADINA RD,ST CLAIR AVE W,SPADINA RD,100,NULL,479,NULL,13,Toronto-St. Paul's(12),NULL,NULL,NULL,St Clair Ave W And Spadina Rd,Toronto and East York,6112,ST CLAIR AVE W
1943,13447779,Dufferin St,Finch Ave W,101,NULL,NULL,NULL,NULL,101,"{'type': 'Point', 'coordinates': (-79.4669269987134, 43.768852005786904)}",NULL,NULL,NULL,2017-06-05,4:00:00 AM,NULL,FINCH AVE W,DUFFERIN ST,FINCH AVE W,101,NULL,618,NULL,32,York Centre(6),NULL,NULL,NULL,Dufferin St And Finch Ave W,North York,6113,DUFFERIN ST
1944,13469914,Islington Ave,Evans Ave,102,NULL,NULL,NULL,NULL,102,"{'type': 'Point', 'coordinates': (-79.5113280068698, 43.61839300207511)}",NULL,NULL,NULL,2017-06-05,4:00:00 AM,NULL,EVANS AVE,ISLINGTON AVE,EVANS AVE,102,NULL,775,NULL,22,Etobicoke-Lakeshore(3),NULL,NULL,NULL,Islington Ave And Evans Ave,Etobicoke York,6114,ISLINGTON AVE
1945,13463137,Eglinton Ave W,Martin Grove Rd,103,NULL,NULL,NULL,NULL,103,"{'type': 'Point', 'coordinates': (-79.5631760034985, 43.6744770028432)}",NULL,22,NULL,2017-07-10,4:00:00 AM,NULL,MARTIN GROVE RD,EGLINTON AVE W,MARTIN GROVE RD,103,NULL,786,NULL,23,Etobicoke North(1),NULL,Etobicoke Centre(2),NULL,Eglinton Ave W And Martin Grove Rd,Etobicoke York,6115,EGLINTON AVE W
1946,13442866,Finch Ave E,Brimley Rd,104,NULL,NULL,NULL,NULL,104,"{'type': 'Point', 'coordinates': (-79.2773999905335, 43.8057060076328)}",NULL,NULL,NULL,2017-03-10,5:00:00 AM,NULL,BRIMLEY RD,FINCH AVE E,BRIMLEY RD,104,NULL,1178,NULL,42,Scarborough North(23),NULL,NULL,NULL,Finch Ave E And Brimley Rd,Scarborough,6116,FINCH AVE E
1947,13468970,Lake Shore Blvd W,Jameson Ave,105,NULL,NULL,NULL,NULL,105,"{'type': 'Point', 'coordinates': (-79.43456300188022, 43.6333410037216)}",NULL,NULL,NULL,2017-07-10,4:00:00 AM,NULL,JAMESON AVE,LAKE SHORE BLVD W,JAMESON AVE,105,NULL,224,NULL,14,Parkdale-High Park(4),NULL,NULL,NULL,Lake Shore Blvd W And Jameson Ave,Toronto and East York,6117,LAKE SHORE BLVD W
1948,13452053,Eglinton Ave E,Danforth Rd,106,NULL,NULL,NULL,NULL,106,"{'type': 'Point', 'coordinates': (-79.2461639921163, 43.7370970034513)}",NULL,NULL,NULL,2017-03-10,5:00:00 AM,NULL,DANFORTH RD,EGLINTON AVE E,DANFORTH RD,106,NULL,379,NULL,43,Scarborough Centre(21),NULL,Scarborough Southwest(20),NULL,Eglinton Ave E And Danforth Rd,Scarborough,6118,EGLINTON AVE E
1949,13442522,Neilson Rd,McLevin Ave,107,NULL,NULL,NULL,NULL,107,"{'type': 'Point', 'coordinates': (-79.2216579986745, 43.8091730021276)}",NULL,NULL,NULL,2017-06-05,4:00:00 AM,NULL,MCLEVIN AVE,NEILSON RD,MCLEVIN AVE,107,NULL,1339,NULL,42,Scarborough North(23),NULL,Scarborough-Rouge Park(25),NULL,Neilson Rd And Mclevin Ave,Scarborough,6119,NEILSON RD
1950,13467394,Simcoe St,Wellington St W,108,NULL,NULL,NULL,NULL,108,"{'type': 'Point', 'coordinates': (-79.3855610005702, 43.6460530112796)}",NULL,NULL,NULL,2017-08-08,4:00:00 AM,NULL,WELLINGTON ST W,SIMCOE ST,WELLINGTON ST W,108,NULL,264,NULL,52,Spadina-Fort York(10),NULL,NULL,NULL,Simcoe St And Wellington St W,Toronto and East York,6120,SIMCOE ST
1951,13448840,Jane St,Stong Crt,109,NULL,NULL,NULL,NULL,109,"{'type': 'Point', 'coordinates': (-79.518821999491, 43.7619170059083)}",NULL,NULL,NULL,2017-10-20,4:00:00 AM,YORK GATE BLVD,STONG CRT,JANE ST,STONG CRT,109,NULL,972,NULL,31,Humber River-Black Creek(7),NULL,NULL,NULL,Jane St And Stong Crt / York Gate Blvd,Etobicoke York,6121,JANE ST
1952,13446514,Ellesmere Rd,Bellamy Rd N,110,NULL,NULL,NULL,NULL,110,"{'type': 'Point', 'coordinates': (-79.2417590066978, 43.774333999948205)}",NULL,NULL,NULL,2017-03-10,5:00:00 AM,NULL,BELLAMY RD N,ELLESMERE RD,BELLAMY RD N,110,NULL,700,NULL,43,Scarborough-Guildwood(24),NULL,NULL,NULL,Ellesmere Rd And Bellamy Rd N,Scarborough,6122,ELLESMERE RD
1953,13450163,Lawrence Ave E,Kennedy Rd,111,NULL,NULL,NULL,NULL,111,"{'type': 'Point', 'coordinates': (-79.2749340070665, 43.7494969990726)}",NULL,NULL,NULL,2017-03-10,5:00:00 AM,NULL,KENNEDY RD,LAWRENCE AVE E,KENNEDY RD,111,NULL,412,NULL,41,Scarborough Centre(21),NULL,NULL,NULL,Lawrence Ave E And Kennedy Rd,Scarborough,6123,LAWRENCE AVE E
1954,13454488,Warden Ave,Comstock Rd,112,NULL,NULL,NULL,NULL,112,"{'type': 'Point', 'coordinates': (-79.2849930048744, 43.7215320000156)}",NULL,NULL,NULL,2017-03-10,5:00:00 AM,NULL,COMSTOCK RD,WARDEN AVE,COMSTOCK RD,112,NULL,690,NULL,41,Scarborough Southwest(20),NULL,NULL,NULL,Warden Ave And Comstock Rd,Scarborough,6124,WARDEN AVE
1955,13443955,Sheppard Ave E,Malvern St,113,NULL,NULL,NULL,NULL,113,"{'type': 'Point', 'coordinates': (-79.2349310078247, 43.7946620094042)}",NULL,NULL,NULL,2017-05-03,4:00:00 AM,PROGRESS AVE,MALVERN ST,SHEPPARD AVE E,MALVERN ST,113,NULL,1568,NULL,42,Scarborough North(23),NULL,NULL,NULL,Sheppard Ave E And Malvern St / Progress Ave,Scarborough,6125,SHEPPARD AVE E
1956,13456668,Rexdale Blvd,Kipling Ave,114,NULL,NULL,NULL,NULL,114,"{'type': 'Point', 'coordinates': (-79.5667019990785, 43.7117030085107)}",NULL,NULL,NULL,2017-10-20,4:00:00 AM,NULL,KIPLING AVE,REXDALE BLVD,KIPLING AVE,114,NULL,732,NULL,23,Etobicoke North(1),NULL,NULL,NULL,Rexdale Blvd And Kipling Ave,Etobicoke York,6126,REXDALE BLVD
1957,13458367,Weston Rd,Lawrence Ave W,115,NULL,NULL,NULL,NULL,115,"{'type': 'Point', 'coordinates': (-79.5162009996174, 43.7001579982337)}",NULL,NULL,NULL,2017-10-20,4:00:00 AM,NULL,LAWRENCE AVE W,WESTON RD,LAWRENCE AVE W,115,NULL,431,NULL,12,York South-Weston(5),NULL,NULL,NULL,Weston Rd And Lawrence Ave W,Etobicoke York,6127,WESTON RD
1958,13452733,Islington Ave,Albion Rd,116,NULL,NULL,NULL,NULL,116,"{'type': 'Point', 'coordinates': (-79.5653050069778, 43.7372359965559)}",NULL,NULL,NULL,2017-06-19,4:00:00 AM,NULL,ALBION RD,ISLINGTON AVE,ALBION RD,116,NULL,717,NULL,23,Etobicoke North(1),NULL,NULL,NULL,Islington Ave And Albion Rd,Etobicoke York,6128,ISLINGTON AVE
1959,NULL,NULL,NULL,117,NULL,NULL,NULL,NULL,117,"{'type': 'Point', 'coordinates': (-79.4200839983511, 43.7979990068179)}",NULL,NULL,NULL,2017-08-11,4:00:00 AM,NULL,STEELES AVE,YONGE ST,STEELES AVE,117,NULL,131,NULL,32,Willowdale(18),NULL,NULL,NULL,Yonge St And Steeles Ave,North York,6130,YONGE ST
1960,13463893,St Clair Ave W,Runnymede Rd,118,NULL,NULL,NULL,NULL,118,"{'type': 'Point', 'coordinates': (-79.4835639906144, 43.6689929996743)}",NULL,11,NULL,2017-08-11,4:00:00 AM,NULL,RUNNYMEDE RD,ST CLAIR AVE W,RUNNYMEDE RD,118,NULL,494,NULL,12,York South-Weston(5),NULL,NULL,NULL,St Clair Ave W And Runnymede Rd,Etobicoke York,6131,ST CLAIR AVE W
1961,13453141,Warden Ave,Ashtonbee Rd,119,NULL,NULL,NULL,NULL,119,"{'type': 'Point', 'coordinates': (-79.2887619943645, 43.7307110016848)}",NULL,NULL,NULL,2017-03-13,4:00:00 AM,NULL,ASHTONBEE RD,WARDEN AVE,ASHTONBEE RD,119,NULL,1377,NULL,41,Scarborough Centre(21),NULL,NULL,NULL,Warden Ave And Ashtonbee Rd,Scarborough,6132,WARDEN AVE
1962,13456952,Keele St,Lawrence Ave W,120,NULL,NULL,NULL,NULL,120,"{'type': 'Point', 'coordinates': (-79.4780619980855, 43.70865900724171)}",NULL,NULL,NULL,2017-08-11,4:00:00 AM,NULL,LAWRENCE AVE W,KEELE ST,LAWRENCE AVE W,120,NULL,428,NULL,12,York South-Weston(5),NULL,NULL,NULL,Keele St And Lawrence Ave W,Etobicoke York,6134,KEELE ST
1963,13442651,Birchmount Rd,McNicoll Ave,121,NULL,NULL,NULL,NULL,121,"{'type': 'Point', 'coordinates': (-79.31116799788231, 43.8086369998735)}",NULL,NULL,NULL,2017-08-11,4:00:00 AM,NULL,MCNICOLL AVE,BIRCHMOUNT RD,MCNICOLL AVE,121,NULL,1413,NULL,42,Scarborough-Agincourt(22),NULL,NULL,NULL,Birchmount Rd And Mcnicoll Ave,Scarborough,6135,BIRCHMOUNT RD
1964,13442502,Finch Ave E,Middlefield Rd,122,NULL,NULL,NULL,NULL,122,"{'type': 'Point', 'coordinates': (-79.2576989968394, 43.8098879984202)}",NULL,NULL,NULL,2017-03-24,4:00:00 AM,NULL,MIDDLEFIELD RD,FINCH AVE E,MIDDLEFIELD RD,122,NULL,1431,NULL,42,Scarborough North(23),NULL,NULL,NULL,Finch Ave E And Middlefield Rd,Scarborough,6136,FINCH AVE E
1965,13459022,Dixon Rd,Islington Ave,123,NULL,NULL,NULL,NULL,123,"{'type': 'Point', 'coordinates': (-79.5467310031199, 43.6970490024325)}",NULL,NULL,NULL,2017-12-19,5:00:00 AM,NULL,ISLINGTON AVE,DIXON RD,ISLINGTON AVE,123,NULL,434,NULL,23,Etobicoke North(1),NULL,Etobicoke Centre(2),NULL,Dixon Rd And Islington Ave,Etobicoke York,6137,DIXON RD
1966,13468134,Spadina Ave,Bremner Blvd,124,NULL,NULL,NULL,NULL,124,"{'type': 'Point', 'coordinates': (-79.39300400153301, 43.6405620021071)}",NULL,52,NULL,2017-09-28,4:00:00 AM,FORT YORK BLVD,BREMNER BLVD,SPADINA AVE,BREMNER BLVD,124,NULL,1579,NULL,14,Spadina-Fort York(10),NULL,NULL,NULL,Spadina Ave And Bremner Blvd / Fort York Blvd,Toronto and East York,6138,SPADINA AVE
1967,13469508,The Queensway,Royal York Rd,125,NULL,NULL,NULL,NULL,125,"{'type': 'Point', 'coordinates': (-79.5026320022918, 43.6263360042642)}",NULL,NULL,NULL,2017-06-05,4:00:00 AM,NULL,ROYAL YORK RD,THE QUEENSWAY,ROYAL YORK RD,125,NULL,565,NULL,22,Etobicoke-Lakeshore(3),NULL,NULL,NULL,The Queensway And Royal York Rd,Etobicoke York,6139,THE QUEENSWAY
1968,13468803,Lake Shore Blvd W,Strachan Ave,126,NULL,NULL,NULL,NULL,126,"{'type': 'Point', 'coordinates': (-79.4087450089457, 43.6344420021957)}",NULL,NULL,NULL,2017-10-06,4:00:00 AM,REMEMBRANCE DR,STRACHAN AVE,LAKE SHORE BLVD W,STRACHAN AVE,126,NULL,222,NULL,14,Spadina-Fort York(10),NULL,NULL,NULL,Lake Shore Blvd W And Strachan Ave / Remembrance Dr,Toronto and East York,6140,LAKE SHORE BLVD W
1969,13448547,Lawrence Ave E,Markham Rd,127,NULL,NULL,NULL,NULL,127,"{'type': 'Point', 'coordinates': (-79.2253240008177, 43.7598219974576)}",NULL,NULL,NULL,2017-03-24,4:00:00 AM,NULL,MARKHAM RD,LAWRENCE AVE E,MARKHAM RD,127,NULL,420,NULL,43,Scarborough-Guildwood(24),NULL,NULL,NULL,Lawrence Ave E And Markham Rd,Scarborough,6141,LAWRENCE AVE E
1970,13455910,Jane St,Falstaff Ave,128,NULL,NULL,NULL,NULL,128,"{'type': 'Point', 'coordinates': (-79.507223997328, 43.71545601023811)}",NULL,NULL,NULL,2017-10-20,4:00:00 AM,GORDON MACKAY RD,FALSTAFF AVE,JANE ST,FALSTAFF AVE,128,NULL,531,NULL,12,York South-Weston(5),NULL,NULL,NULL,Jane St And Falstaff Ave / Gordon Mackay Rd,Etobicoke York,6142,JANE ST
1971,13454662,Avenue Rd,Lawrence Ave W,129,NULL,NULL,NULL,NULL,129,"{'type': 'Point', 'coordinates': (-79.4156090060983, 43.7222550020132)}",NULL,53,NULL,2017-03-14,4:00:00 AM,NULL,LAWRENCE AVE W,AVENUE RD,LAWRENCE AVE W,129,NULL,119,NULL,32,Eglinton-Lawrence(8),NULL,NULL,NULL,Avenue Rd And Lawrence Ave W,North York,6143,AVENUE RD
1972,13443081,Pharmacy Ave,McNicoll Ave,130,NULL,NULL,NULL,NULL,130,"{'type': 'Point', 'coordinates': (-79.330734002608, 43.8041220005354)}",NULL,NULL,NULL,2017-03-24,4:00:00 AM,NULL,MCNICOLL AVE,PHARMACY AVE,MCNICOLL AVE,130,NULL,1241,NULL,42,Scarborough-Agincourt(22),NULL,NULL,NULL,Pharmacy Ave And Mcnicoll Ave,Scarborough,6145,PHARMACY AVE
1973,13445553,Markham Rd,Progress Ave,131,NULL,NULL,NULL,NULL,131,"{'type': 'Point', 'coordinates': (-79.2338900025899, 43.7817459980458)}",NULL,NULL,NULL,2017-08-11,4:00:00 AM,NULL,PROGRESS AVE,MARKHAM RD,PROGRESS AVE,131,NULL,878,NULL,43,Scarborough-Guildwood(24),NULL,NULL,NULL,Markham Rd And Progress Ave,Scarborough,6146,MARKHAM RD
1974,13444062,Markham Rd,Sheppard Ave E,132,NULL,NULL,NULL,NULL,132,"{'type': 'Point', 'coordinates': (-79.2387520051422, 43.7938690047402)}",NULL,NULL,NULL,2017-04-11,4:00:00 AM,NULL,SHEPPARD AVE E,MARKHAM RD,SHEPPARD AVE E,132,NULL,701,NULL,42,Scarborough North(23),NULL,NULL,NULL,Markham Rd And Sheppard Ave E,Scarborough,6147,MARKHAM RD
1975,13445096,Don Mills Rd,Van Horne Ave,133,NULL,NULL,NULL,NULL,133,"{'type': 'Point', 'coordinates': (-79.3530289956111, 43.7873450079363)}",NULL,NULL,NULL,2017-07-10,4:00:00 AM,NULL,VAN HORNE AVE,DON MILLS RD,VAN HORNE AVE,133,NULL,628,NULL,33,Don Valley North(17),NULL,NULL,NULL,Don Mills Rd And Van Horne Ave,North York,6148,DON MILLS RD
1976,13443095,Sheppard Ave E,Morningside Ave,134,NULL,NULL,NULL,NULL,134,"{'type': 'Point', 'coordinates': (-79.1997710048694, 43.8019740056559)}",NULL,NULL,NULL,2017-03-10,5:00:00 AM,NULL,MORNINGSIDE AVE,SHEPPARD AVE E,MORNINGSIDE AVE,134,NULL,1108,NULL,42,Scarborough-Rouge Park(25),NULL,NULL,NULL,Sheppard Ave E And Morningside Ave,Scarborough,6149,SHEPPARD AVE E
1977,13443245,Morningside Ave,Milner Ave,135,NULL,NULL,NULL,NULL,135,"{'type': 'Point', 'coordinates': (-79.19908000627852, 43.8002799962731)}",NULL,NULL,NULL,2017-03-10,5:00:00 AM,NULL,MILNER AVE,MORNINGSIDE AVE,MILNER AVE,135,NULL,1584,NULL,42,Scarborough-Rouge Park(25),NULL,NULL,NULL,Morningside Ave And Milner Ave,Scarborough,6150,MORNINGSIDE AVE
1978,13442363,Kennedy Rd,McNicoll Ave,136,NULL,NULL,NULL,NULL,136,"{'type': 'Point', 'coordinates': (-79.3019450092272, 43.8121360060908)}",NULL,NULL,NULL,2017-09-28,4:00:00 AM,NULL,MCNICOLL AVE,KENNEDY RD,MCNICOLL AVE,136,NULL,1586,NULL,42,Scarborough-Agincourt(22),NULL,NULL,NULL,Kennedy Rd And Mcnicoll Ave,Scarborough,6152,KENNEDY RD
1979,13446212,Markham Rd,Ellesmere Rd,137,NULL,NULL,NULL,NULL,137,"{'type': 'Point', 'coordinates': (-79.2317560025442, 43.7764360086941)}",NULL,NULL,NULL,2018-02-16,5:00:00 AM,NULL,ELLESMERE RD,MARKHAM RD,ELLESMERE RD,137,NULL,702,NULL,43,Scarborough-Guildwood(24),NULL,NULL,NULL,Markham Rd And Ellesmere Rd,Scarborough,6153,MARKHAM RD
1980,13466139,Bloor St W,Keele St,138,NULL,NULL,NULL,NULL,138,"{'type': 'Point', 'coordinates': (-79.4600479973423, 43.6547070009503)}",NULL,NULL,NULL,2018-09-05,4:00:00 AM,PARKSIDE DR,KEELE ST,BLOOR ST W,KEELE ST,138,NULL,328,NULL,11,Parkdale-High Park(4),NULL,NULL,NULL,Bloor St W And Keele St / Parkside Dr,Toronto and East York,6154,BLOOR ST W
1981,13461355,Eglinton Ave W,Scarlett Rd,139,NULL,NULL,NULL,NULL,139,"{'type': 'Point', 'coordinates': (-79.5114570043453, 43.6839620012534)}",NULL,22,NULL,2019-06-03,4:00:00 AM,NULL,SCARLETT RD,EGLINTON AVE W,SCARLETT RD,139,NULL,784,NULL,23,Etobicoke Centre(2),NULL,NULL,NULL,Eglinton Ave W And Scarlett Rd,Etobicoke York,6155,EGLINTON AVE W
1982,13445306,Steeles Ave W,Dufferin St,140,NULL,NULL,NULL,NULL,140,"{'type': 'Point', 'coordinates': (-79.4700889909467, 43.7872830028842)}",NULL,NULL,NULL,2018-09-05,4:00:00 AM,NULL,DUFFERIN ST,STEELES AVE W,DUFFERIN ST,140,NULL,619,NULL,32,York Centre(6),NULL,NULL,NULL,Steeles Ave W And Dufferin St,North York,6156,STEELES AVE W
1983,13463882,Dufferin St,Dupont St,141,NULL,NULL,NULL,NULL,141,"{'type': 'Point', 'coordinates': (-79.4390350096527, 43.6684640112994)}",NULL,14,NULL,2018-11-28,5:00:00 AM,NULL,DUPONT ST,DUFFERIN ST,DUPONT ST,141,NULL,608,NULL,11,Davenport(9),NULL,NULL,NULL,Dufferin St And Dupont St,Toronto and East York,6157,DUFFERIN ST
1984,13467841,Bloor St W,Islington Ave,142,NULL,NULL,NULL,NULL,142,"{'type': 'Point', 'coordinates': (-79.5234379984697, 43.6446480024837)}",NULL,NULL,NULL,2018-11-28,5:00:00 AM,NULL,ISLINGTON AVE,BLOOR ST W,ISLINGTON AVE,142,NULL,339,NULL,22,Etobicoke-Lakeshore(3),NULL,NULL,NULL,Bloor St W And Islington Ave,Etobicoke York,6158,BLOOR ST W
1985,NULL,NULL,NULL,143,NULL,NULL,NULL,NULL,143,"{'type': 'Point', 'coordinates': (-79.6140899949954, 43.7554540002572)}",NULL,NULL,NULL,2019-03-01,5:00:00 AM,NULL,HIGHWAY 27,STEELES AVE W,HIGHWAY 27,143,NULL,1793,NULL,23,Etobicoke North(1),NULL,NULL,NULL,Steeles Ave W And Highway 27,Etobicoke York,6159,STEELES AVE W
1986,13446608,Sheppard Ave E,Don Mills Rd,144,NULL,NULL,NULL,NULL,144,"{'type': 'Point', 'coordinates': (-79.347040002097, 43.7751070040083)}",NULL,NULL,NULL,2019-09-19,4:00:00 AM,NULL,DON MILLS RD,SHEPPARD AVE E,DON MILLS RD,144,NULL,627,NULL,33,Don Valley North(17),NULL,NULL,NULL,Sheppard Ave E And Don Mills Rd,North York,6160,SHEPPARD AVE E
1987,13447608,Steeles Ave W,Signet Dr,145,NULL,NULL,NULL,NULL,145,"{'type': 'Point', 'coordinates': (-79.5434480009718, 43.7709200085331)}",NULL,NULL,NULL,2019-06-03,4:00:00 AM,OLD WESTON RD,SIGNET DR,STEELES AVE W,SIGNET DR,145,NULL,1232,NULL,31,Humber River-Black Creek(7),NULL,NULL,NULL,Steeles Ave W And Signet Dr / Old Weston Rd,Etobicoke York,6161,STEELES AVE W
1988,13445476,Kennedy Rd,Sheppard Ave E,146,NULL,NULL,NULL,NULL,146,"{'type': 'Point', 'coordinates': (-79.2882629959488, 43.7832860020415)}",NULL,NULL,NULL,2020-05-27,4:00:00 AM,NULL,SHEPPARD AVE E,KENNEDY RD,SHEPPARD AVE E,146,NULL,752,NULL,42,Scarborough-Agincourt(22),NULL,NULL,NULL,Kennedy Rd And Sheppard Ave E,Scarborough,6162,KENNEDY RD
1989,13461868,Bathurst St,Nina St,147,NULL,NULL,NULL,NULL,147,"{'type': 'Point', 'coordinates': (-79.4169819991952, 43.6798239968693)}",NULL,NULL,NULL,2020-12-03,5:00:00 AM,NULL,NINA ST,BATHURST ST,NINA ST,147,NULL,306,NULL,13,Toronto-St. Paul's(12),NULL,NULL,NULL,Bathurst St And Nina St,Toronto and East York,6163,BATHURST ST
1990,13443575,Brimley Rd,Huntingwood Dr,148,NULL,NULL,NULL,NULL,148,"{'type': 'Point', 'coordinates': (-79.2733659976785, 43.7984070025272)}",NULL,NULL,NULL,2021-04-07,4:00:00 AM,NULL,HUNTINGWOOD DR,BRIMLEY RD,HUNTINGWOOD DR,148,NULL,1170,NULL,42,Scarborough North(23),NULL,NULL,NULL,Brimley Rd And Huntingwood Dr,Scarborough,6167,BRIMLEY RD
1991,13446436,Brimley Rd,Progress Ave,149,NULL,NULL,NULL,NULL,149,"{'type': 'Point', 'coordinates': (-79.2631830057711, 43.7752810004707)}",NULL,43,NULL,2021-05-27,4:00:00 AM,NULL,PROGRESS AVE,BRIMLEY RD,PROGRESS AVE,149,NULL,1072,NULL,41,Scarborough Centre(21),NULL,NULL,NULL,Brimley Rd And Progress Ave,Scarborough,6168,BRIMLEY RD
1992,13454867,Kingston Rd,Brimley Rd,150,NULL,NULL,NULL,NULL,150,"{'type': 'Point', 'coordinates': (-79.2403629937362, 43.7182259993558)}",NULL,43,NULL,2021-05-25,4:00:00 AM,BRIMLEY RD S,BRIMLEY RD,KINGSTON RD,BRIMLEY RD,150,NULL,164,NULL,41,Scarborough Southwest(20),NULL,NULL,NULL,Kingston Rd And Brimley Rd / Brimley Rd S,Scarborough,6169,KINGSTON RD
1993,13448254,Lawrence Ave E,Scarborough Golf Club Rd,151,NULL,NULL,NULL,NULL,151,"{'type': 'Point', 'coordinates': (-79.2158379985684, 43.7618520036741)}",NULL,NULL,NULL,2021-05-14,4:00:00 AM,NULL,SCARBOROUGH GOLF CLUB RD,LAWRENCE AVE E,SCARBOROUGH GOLF CLUB RD,151,NULL,397,NULL,43,Scarborough Guildwood(24),NULL,NULL,NULL,Lawrence Ave E And Scarborough Golf Club Rd,Scarborough,6170,LAWRENCE AVE E
1994,13441620,Steeles Ave E,Markham Rd,152,NULL,NULL,NULL,NULL,152,"{'type': 'Point', 'coordinates': (-79.2511890036955, 43.8365980058072)}",NULL,NULL,NULL,2021-06-30,4:00:00 AM,NULL,MARKHAM RD,STEELES AVE E,MARKHAM RD,152,NULL,1583,NULL,42,Scarborough North(23),NULL,NULL,NULL,Steeles Ave E And Markham Rd,Scarborough,6171,STEELES AVE E
1995,13444609,Steeles Ave W,Bathurst St,153,NULL,NULL,NULL,NULL,153,"{'type': 'Point', 'coordinates': (-79.4457550064858, 43.7924070075576)}",NULL,NULL,NULL,2021-12-29,5:00:00 AM,NULL,BATHURST ST,STEELES AVE W,BATHURST ST,153,NULL,678,NULL,32,York Centre(6),NULL,Willowdale(18),NULL,Steeles Ave W And Bathurst St,North York,6172,STEELES AVE W
1996,13468144,Strachan Ave,Wellington St W,154,NULL,NULL,NULL,NULL,154,"{'type': 'Point', 'coordinates': (-79.4114689982727, 43.6407580008455)}",NULL,NULL,NULL,2021-06-21,4:00:00 AM,DOURO ST,WELLINGTON ST W,STRACHAN AVE,WELLINGTON ST W,154,NULL,2403,NULL,14,Spadina-Fort York(10),NULL,NULL,NULL,Strachan Ave And Wellington St W / Douro St,Toronto and East York,6173,STRACHAN AVE
1997,13465980,University Ave,Dundas St W,155,NULL,NULL,NULL,NULL,155,"{'type': 'Point', 'coordinates': (-79.3883140021352, 43.6547900061355)}",NULL,NULL,NULL,2021-06-21,4:00:00 AM,NULL,DUNDAS ST W,UNIVERSITY AVE,DUNDAS ST W,155,NULL,81,NULL,52,University-Rosedale(11),NULL,Spadina-Fort York(10),NULL,University Ave And Dundas St W,Toronto and East York,6175,UNIVERSITY AVE
1998,13448519,Warden Ave,Ellesmere Rd,156,NULL,NULL,NULL,NULL,156,"{'type': 'Point', 'coordinates': (-79.3007509906093, 43.7611930035096)}",NULL,NULL,NULL,2021-06-11,4:00:00 AM,NULL,ELLESMERE RD,WARDEN AVE,ELLESMERE RD,156,NULL,694,NULL,41,Scarborough Centre(21),NULL,NULL,NULL,Warden Ave And Ellesmere Rd,Scarborough,6176,WARDEN AVE
1999,13443314,Warden Ave,Bridletowne Crcl,157,NULL,NULL,NULL,NULL,157,"{'type': 'Point', 'coordinates': (-79.31388200719341, 43.7921790026872)}",NULL,NULL,NULL,2021-12-16,5:00:00 AM,NULL,BRIDLETOWNE CRCL,WARDEN AVE,BRIDLETOWNE CRCL,157,NULL,1217,SOUTH INTERSECTION,42,Scarborough-Agincourt(22),NULL,NULL,NULL,Warden Ave And Bridletowne Crcl,Scarborough,6177,WARDEN AVE
2000,13445655,Willowdale Ave,Bishop Ave,158,NULL,NULL,NULL,NULL,158,"{'type': 'Point', 'coordinates': (-79.4078709998587, 43.7834400045557)}",NULL,NULL,NULL,2021-04-07,4:00:00 AM,NULL,BISHOP AVE,WILLOWDALE AVE,BISHOP AVE,158,NULL,1640,NULL,32,Willowdale(18),NULL,NULL,NULL,Willowdale Ave And Bishop Ave,North York,6178,WILLOWDALE AVE
2001,13445027,Cummer Ave,Willowdale Ave,159,NULL,NULL,NULL,NULL,159,"{'type': 'Point', 'coordinates': (-79.409916994778, 43.7886630024238)}",NULL,NULL,NULL,2021-05-25,4:00:00 AM,NULL,WILLOWDALE AVE,CUMMER AVE,WILLOWDALE AVE,159,NULL,806,NULL,32,Willowdale(18),NULL,NULL,NULL,Cummer Ave And Willowdale Ave,North York,6180,CUMMER AVE
2002,13446551,Sheppard Ave E,Victoria Park Ave,160,NULL,NULL,NULL,NULL,160,"{'type': 'Point', 'coordinates': (-79.32301700056752, 43.7752440086096)}",NULL,42,NULL,2021-05-27,4:00:00 AM,NULL,VICTORIA PARK AVE,SHEPPARD AVE E,VICTORIA PARK AVE,160,NULL,748,NULL,33,Don Valley North(17),NULL,Scarborough-Agincourt(22),NULL,Sheppard Ave E And Victoria Park Ave,North York,6181,SHEPPARD AVE E
2003,13446970,Bathurst St,Finch Ave W,161,NULL,NULL,NULL,NULL,161,"{'type': 'Point', 'coordinates': (-79.4430079979777, 43.7738590056771)}",NULL,NULL,NULL,2021-07-29,4:00:00 AM,NULL,FINCH AVE W,BATHURST ST,FINCH AVE W,161,NULL,675,NULL,32,York Centre(6),NULL,Willowdale(18),NULL,Bathurst St And Finch Ave W,North York,6182,BATHURST ST
2004,13444423,Finch Ave E,Don Mills Rd,162,NULL,NULL,NULL,NULL,162,"{'type': 'Point', 'coordinates': (-79.3547360041712, 43.7926600047163)}",NULL,NULL,NULL,2021-05-07,4:00:00 AM,NULL,DON MILLS RD,FINCH AVE E,DON MILLS RD,162,NULL,869,NULL,33,Don Valley North(17),NULL,NULL,NULL,Finch Ave E And Don Mills Rd,North York,6183,FINCH AVE E
2005,13446896,Steeles Ave W,Jane St,163,NULL,NULL,NULL,NULL,163,"{'type': 'Point', 'coordinates': (-79.5217349954741, 43.775470007186)}",NULL,NULL,NULL,2021-03-05,5:00:00 AM,NULL,JANE ST,STEELES AVE W,JANE ST,163,NULL,535,NULL,31,Humber River-Black Creek(7),NULL,NULL,NULL,Steeles Ave W And Jane St,Etobicoke York,6185,STEELES AVE W
2006,13452283,Sheppard Ave W,Jane St,164,NULL,NULL,NULL,NULL,164,"{'type': 'Point', 'coordinates': (-79.5132209984939, 43.73938900464711)}",NULL,NULL,NULL,2021-05-14,4:00:00 AM,NULL,JANE ST,SHEPPARD AVE W,JANE ST,164,NULL,533,NULL,31,Humber River-Black Creek(7),NULL,York Centre(6),NULL,Sheppard Ave W And Jane St,Etobicoke York,6186,SHEPPARD AVE W
2007,13449830,Lawrence Ave E,Midland Ave,165,NULL,NULL,NULL,NULL,165,"{'type': 'Point', 'coordinates': (-79.2650520049525, 43.7515209975058)}",NULL,NULL,NULL,2021-09-30,4:00:00 AM,NULL,MIDLAND AVE,LAWRENCE AVE E,MIDLAND AVE,165,NULL,413,NULL,41,Scarborough Centre(21),NULL,NULL,NULL,Lawrence Ave E And Midland Ave,Scarborough,6187,LAWRENCE AVE E
2008,13446827,McCowan Rd,Ellesmere Rd,166,NULL,NULL,NULL,NULL,166,"{'type': 'Point', 'coordinates': (-79.251497995166, 43.7721420056226)}",NULL,NULL,NULL,2021-08-27,4:00:00 AM,NULL,ELLESMERE RD,MCCOWAN RD,ELLESMERE RD,166,NULL,699,NULL,43,Scarborough Centre(21),NULL,Scarborough-Guildwood(24),NULL,Mccowan Rd And Ellesmere Rd,Scarborough,6188,MCCOWAN RD
2009,13447827,McCowan Rd,Brimorton Dr,167,NULL,NULL,NULL,NULL,167,"{'type': 'Point', 'coordinates': (-79.2489580019758, 43.7654209967952)}",NULL,NULL,NULL,2021-06-11,4:00:00 AM,NULL,BRIMORTON DR,MCCOWAN RD,BRIMORTON DR,167,NULL,951,NULL,43,Scarborough Centre(21),NULL,Scarborough Guildwood(24),NULL,Mccowan Rd And Brimorton Dr,Scarborough,6190,MCCOWAN RD
2010,NULL,NULL,NULL,168,NULL,NULL,NULL,NULL,168,"{'type': 'Point', 'coordinates': (-79.5956219954628, 43.717268007419)}",NULL,NULL,NULL,2021-06-11,4:00:00 AM,NULL,REXDALE BLVD,HIGHWAY 27,REXDALE BLVD,168,NULL,1161,NULL,23,Etobicoke North(1),NULL,NULL,NULL,Highway 27 And Rexdale Blvd,Etobicoke York,6191,HIGHWAY 27
2011,13452437,Bathurst St,Wilson Ave,169,NULL,NULL,NULL,NULL,169,"{'type': 'Point', 'coordinates': (-79.4340050046302, 43.7373540023486)}",NULL,NULL,NULL,2021-06-29,4:00:00 AM,NULL,WILSON AVE,BATHURST ST,WILSON AVE,169,NULL,320,NULL,32,York Centre(6),NULL,NULL,NULL,Bathurst St And Wilson Ave,North York,6192,BATHURST ST
2012,13465860,Jarvis St,Shuter St,170,NULL,NULL,NULL,NULL,170,"{'type': 'Point', 'coordinates': (-79.3739169933193, 43.6553610036448)}",NULL,NULL,NULL,2021-06-03,4:00:00 AM,NULL,SHUTER ST,JARVIS ST,SHUTER ST,170,NULL,7,NULL,51,Toronto Centre(13),NULL,NULL,NULL,Jarvis St And Shuter St,Toronto and East York,6193,JARVIS ST
2013,13448487,Lawrence Ave E,Greencrest Crct,171,NULL,NULL,NULL,NULL,171,"{'type': 'Point', 'coordinates': (-79.2229820032987, 43.7603119953437)}",NULL,NULL,NULL,2021-07-29,4:00:00 AM,GREENHOLM CRCT,GREENCREST CRCT,LAWRENCE AVE E,GREENCREST CRCT,171,NULL,1005,NULL,43,Scarborough-Guildwood(24),NULL,NULL,NULL,Lawrence Ave E And Greencrest Crct / Greenholm Crct,Scarborough,6194,LAWRENCE AVE E
2014,13449574,Steeles Ave W,Martin Grove Rd,172,NULL,NULL,NULL,NULL,172,"{'type': 'Point', 'coordinates': (-79.6033810035634, 43.7578610076682)}",NULL,NULL,NULL,2021-06-29,4:00:00 AM,NULL,MARTIN GROVE RD,STEELES AVE W,MARTIN GROVE RD,172,NULL,1486,NULL,23,Etobicoke North(1),NULL,NULL,NULL,Steeles Ave W And Martin Grove Rd,Etobicoke York,6195,STEELES AVE W
2015,14134984,Lake Shore Blvd W,Lower Simcoe St,173,NULL,NULL,NULL,NULL,173,"{'type': 'Point', 'coordinates': (-79.3831869970504, 43.6403400048128)}",NULL,NULL,NULL,2021-09-13,4:00:00 AM,NULL,LOWER SIMCOE ST,LAKE SHORE BLVD W,LOWER SIMCOE ST,173,NULL,1747,NULL,52,Spadina-Fort York(10),NULL,NULL,NULL,Lake Shore Blvd W And Lower Simcoe St,Toronto and East York,6196,LAKE SHORE BLVD W
2016,13458216,Martin Grove Rd,Belfield Rd,174,NULL,NULL,NULL,NULL,174,"{'type': 'Point', 'coordinates': (-79.5756320005708, 43.7019480092184)}",NULL,NULL,NULL,2021-07-29,4:00:00 AM,NULL,BELFIELD RD,MARTIN GROVE RD,BELFIELD RD,174,NULL,789,NULL,23,Etobicoke North(1),NULL,NULL,NULL,Martin Grove Rd And Belfield Rd,Etobicoke York,6197,MARTIN GROVE RD
2017,13442251,Finch Ave E,Markham Rd,175,NULL,NULL,NULL,NULL,175,"{'type': 'Point', 'coordinates': (-79.2430759998232, 43.8129710006548)}",NULL,NULL,NULL,2021-06-03,4:00:00 AM,NULL,MARKHAM RD,FINCH AVE E,MARKHAM RD,175,NULL,1257,NULL,42,Scarborough North(23),NULL,NULL,NULL,Finch Ave E And Markham Rd,Scarborough,6198,FINCH AVE E
2018,13443837,Finch Ave E,Warden Ave,176,NULL,NULL,NULL,NULL,176,"{'type': 'Point', 'coordinates': (-79.315766003199, 43.7967720021073)}",NULL,NULL,NULL,2021-06-30,4:00:00 AM,NULL,WARDEN AVE,FINCH AVE E,WARDEN AVE,176,NULL,1035,NULL,42,Scarborough-Agincourt(22),NULL,NULL,NULL,Finch Ave E And Warden Ave,Scarborough,6199,FINCH AVE E
2019,13451212,Lawrence Ave E,Pharmacy Ave,177,NULL,NULL,NULL,NULL,177,"{'type': 'Point', 'coordinates': (-79.3046450113134, 43.74324200256311)}",NULL,NULL,NULL,2021-07-29,4:00:00 AM,NULL,PHARMACY AVE,LAWRENCE AVE E,PHARMACY AVE,177,NULL,408,NULL,41,Scarborough Centre(21),NULL,NULL,NULL,Lawrence Ave E And Pharmacy Ave,Scarborough,6200,LAWRENCE AVE E
2020,13450997,Eglinton Ave E,Markham Rd,178,NULL,NULL,NULL,NULL,178,"{'type': 'Point', 'coordinates': (-79.2189130009699, 43.7431820018927)}",NULL,NULL,NULL,2021-06-23,4:00:00 AM,NULL,MARKHAM RD,EGLINTON AVE E,MARKHAM RD,178,NULL,463,NULL,43,Scarborough Southwest(20),NULL,Scarborough Guildwood(24),NULL,Eglinton Ave E And Markham Rd,Scarborough,6203,EGLINTON AVE E
2021,13455129,St Clair Ave E,Danforth Rd,179,NULL,NULL,NULL,NULL,179,"{'type': 'Point', 'coordinates': (-79.2599200046733, 43.716846011755)}",NULL,NULL,NULL,2021-04-27,4:00:00 AM,NULL,DANFORTH RD,ST CLAIR AVE E,DANFORTH RD,179,NULL,392,NULL,41,Scarborough Southwest(20),NULL,NULL,NULL,St Clair Ave E And Danforth Rd,Scarborough,6205,ST CLAIR AVE E
2022,13449204,Lawrence Ave E,McCowan Rd,180,NULL,NULL,NULL,NULL,180,"{'type': 'Point', 'coordinates': (-79.2454219966348, 43.7555480047005)}",NULL,NULL,NULL,2021-08-16,4:00:00 AM,NULL,MCCOWAN RD,LAWRENCE AVE E,MCCOWAN RD,180,NULL,380,NULL,43,Scarborough Centre(21),NULL,Scarborough-Guildwood(24),NULL,Lawrence Ave E And Mccowan Rd,Scarborough,6206,LAWRENCE AVE E
2023,20154546,Morningside Ave,401 C W Morningside Ave N Ramp,181,NULL,NULL,NULL,NULL,181,"{'type': 'Point', 'coordinates': (-79.1977450106576, 43.7978289967425)}",NULL,NULL,NULL,2021-06-23,4:00:00 AM,CINEMART DR,401 C W MORNINGSIDE AVE N RAMP,MORNINGSIDE AVE,401 C W MORNINGSIDE AVE N RAMP,181,NULL,1546,HWY 401 NORTH INTERSECTION,42,Scarborough-Rouge Park(25),NULL,NULL,NULL,Morningside Ave And 401 C W Morningside Ave N Ramp / Cinemart Dr,Scarborough,6207,MORNINGSIDE AVE
2024,13447492,Bellamy Rd N,Brimorton Dr,182,NULL,NULL,NULL,NULL,182,"{'type': 'Point', 'coordinates': (-79.23916500512, 43.7674520013201)}",NULL,NULL,NULL,2021-06-03,4:00:00 AM,NULL,BRIMORTON DR,BELLAMY RD N,BRIMORTON DR,182,NULL,1017,NULL,43,Scarborough Guildwood(24),NULL,NULL,NULL,Bellamy Rd N And Brimorton Dr,Scarborough,6208,BELLAMY RD N
2025,13449428,Weston Rd,Fenmar Dr,183,NULL,NULL,NULL,NULL,183,"{'type': 'Point', 'coordinates': (-79.543761993849, 43.7574660031374)}",NULL,NULL,NULL,2021-07-29,4:00:00 AM,NULL,FENMAR DR,WESTON RD,FENMAR DR,183,NULL,1149,NULL,31,Humber River-Black Creek(7),NULL,NULL,NULL,Weston Rd And Fenmar Dr,Etobicoke York,6209,WESTON RD
2026,13441776,Markham Rd,McNicoll Ave,184,NULL,NULL,NULL,NULL,184,"{'type': 'Point', 'coordinates': (-79.247816998906, 43.8239970063578)}",NULL,NULL,NULL,2021-06-11,4:00:00 AM,NULL,MCNICOLL AVE,MARKHAM RD,MCNICOLL AVE,184,NULL,1560,NULL,42,Scarborough North(23),NULL,NULL,NULL,Markham Rd And Mcnicoll Ave,Scarborough,6210,MARKHAM RD
2027,13450818,Lawrence Ave E,Warden Ave,185,NULL,NULL,NULL,NULL,185,"{'type': 'Point', 'coordinates': (-79.2947299975949, 43.7453760055059)}",NULL,NULL,NULL,2021-06-23,4:00:00 AM,NULL,WARDEN AVE,LAWRENCE AVE E,WARDEN AVE,185,NULL,409,NULL,41,Scarborough Centre(21),NULL,NULL,NULL,Lawrence Ave E And Warden Ave,Scarborough,6211,LAWRENCE AVE E
2028,13462349,Kipling Ave,Widdicombe Hill,186,NULL,NULL,NULL,NULL,186,"{'type': 'Point', 'coordinates': (-79.5517119968769, 43.6789370037179)}",NULL,NULL,NULL,2021-08-16,4:00:00 AM,WIDDICOMBE HILL BLVD,WIDDICOMBE HILL,KIPLING AVE,WIDDICOMBE HILL,186,NULL,1359,NULL,23,Etobicoke Centre(2),NULL,NULL,NULL,Kipling Ave And Widdicombe Hill / Widdicombe Hill Blvd,Etobicoke York,6212,KIPLING AVE
2029,13446075,Sheppard Ave E,Warden Ave,187,NULL,NULL,NULL,NULL,187,"{'type': 'Point', 'coordinates': (-79.30790499033, 43.7787310059445)}",NULL,NULL,NULL,2021-12-29,5:00:00 AM,NULL,WARDEN AVE,SHEPPARD AVE E,WARDEN AVE,187,NULL,750,NULL,42,Scarborough-Agincourt(22),NULL,NULL,NULL,Sheppard Ave E And Warden Ave,Scarborough,6213,SHEPPARD AVE E
2030,13449501,Lawrence Ave E,Brimley Rd,188,NULL,NULL,NULL,NULL,188,"{'type': 'Point', 'coordinates': (-79.2553669940847, 43.7535260020301)}",NULL,43,NULL,2021-08-27,4:00:00 AM,NULL,BRIMLEY RD,LAWRENCE AVE E,BRIMLEY RD,188,NULL,414,NULL,41,Scarborough Centre(21),NULL,NULL,NULL,Lawrence Ave E And Brimley Rd,Scarborough,6214,LAWRENCE AVE E
2031,13450458,William R Allen Rd,Sheppard Ave W,189,NULL,NULL,NULL,NULL,189,"{'type': 'Point', 'coordinates': (-79.4633900003128, 43.7502510064068)}",NULL,NULL,NULL,2021-06-29,4:00:00 AM,NULL,SHEPPARD AVE W,WILLIAM R ALLEN RD,SHEPPARD AVE W,189,NULL,1407,NULL,32,York Centre(6),NULL,NULL,NULL,William R Allen Rd And Sheppard Ave W,North York,6215,WILLIAM R ALLEN RD
2032,13441919,Midland Ave,Copthorne Ave,190,NULL,NULL,NULL,NULL,190,"{'type': 'Point', 'coordinates': (-79.2949340100423, 43.8207070058596)}",NULL,NULL,NULL,2021-08-16,4:00:00 AM,PASSMORE AVE,COPTHORNE AVE,MIDLAND AVE,COPTHORNE AVE,190,NULL,1565,NULL,42,Scarborough-Agincourt(22),NULL,Scarborough North(23),NULL,Midland Ave And Copthorne Ave / Passmore Ave,Scarborough,6216,MIDLAND AVE
2033,13442528,Steeles Ave E,Don Mills Rd,191,NULL,NULL,NULL,NULL,191,"{'type': 'Point', 'coordinates': (-79.3607760036512, 43.8111839970382)}",NULL,NULL,NULL,2021-09-13,4:00:00 AM,NULL,DON MILLS RD,STEELES AVE E,DON MILLS RD,191,NULL,1038,NULL,33,Don Valley North(17),NULL,NULL,NULL,Steeles Ave E And Don Mills Rd,North York,6219,STEELES AVE E
2034,13442643,Finch Ave E,McCowan Rd,192,NULL,NULL,NULL,NULL,192,"{'type': 'Point', 'coordinates': (-79.2665059922644, 43.8080259992832)}",NULL,NULL,NULL,2021-11-09,5:00:00 AM,NULL,MCCOWAN RD,FINCH AVE E,MCCOWAN RD,192,NULL,1176,NULL,42,Scarborough North(23),NULL,NULL,NULL,Finch Ave E And Mccowan Rd,Scarborough,6222,FINCH AVE E
2035,13445620,Steeles Ave W,Alness St,193,NULL,NULL,NULL,NULL,193,"{'type': 'Point', 'coordinates': (-79.481056997688, 43.784700001585506)}",NULL,NULL,NULL,2021-07-29,4:00:00 AM,NULL,ALNESS ST,STEELES AVE W,ALNESS ST,193,NULL,1231,NULL,32,York Centre(6),NULL,NULL,NULL,Steeles Ave W And Alness St,North York,6224,STEELES AVE W
2036,13443499,Markham Rd,McLevin Ave,194,NULL,NULL,NULL,NULL,194,"{'type': 'Point', 'coordinates': (-79.2410409983707, 43.798555006947)}",NULL,NULL,NULL,2021-12-29,5:00:00 AM,NUGGET AVE,MCLEVIN AVE,MARKHAM RD,MCLEVIN AVE,194,NULL,1239,NULL,42,Scarborough North(23),NULL,NULL,NULL,Markham Rd And Mclevin Ave / Nugget Ave,Scarborough,6225,MARKHAM RD
2037,13467918,Burnhamthorpe Rd,The West Mall,195,NULL,NULL,NULL,NULL,195,"{'type': 'Point', 'coordinates': (-79.5672500121821, 43.6445520063353)}",NULL,NULL,NULL,2021-08-27,4:00:00 AM,NULL,THE WEST MALL,BURNHAMTHORPE RD,THE WEST MALL,195,NULL,875,NULL,22,Etobicoke Centre(2),NULL,NULL,NULL,Burnhamthorpe Rd And The West Mall,Etobicoke York,6227,BURNHAMTHORPE RD
2038,13444590,Markham Rd,Milner Ave,196,NULL,NULL,NULL,NULL,196,"{'type': 'Point', 'coordinates': (-79.2370580017317, 43.789554000022)}",NULL,NULL,NULL,2021-09-27,4:00:00 AM,NULL,MILNER AVE,MARKHAM RD,MILNER AVE,196,NULL,1203,NULL,42,Scarborough North(23),NULL,NULL,NULL,Markham Rd And Milner Ave,Scarborough,6228,MARKHAM RD
2039,13452853,Finch Ave W,Martin Grove Rd,197,NULL,NULL,NULL,NULL,197,"{'type': 'Point', 'coordinates': (-79.5917030015765, 43.7367719992734)}",NULL,NULL,NULL,2021-12-29,5:00:00 AM,NULL,MARTIN GROVE RD,FINCH AVE W,MARTIN GROVE RD,197,NULL,992,NULL,23,Etobicoke North(1),NULL,NULL,NULL,Finch Ave W And Martin Grove Rd,Etobicoke York,6229,FINCH AVE W
2040,13464218,Jane St,St Clair Ave W,198,NULL,NULL,NULL,NULL,198,"{'type': 'Point', 'coordinates': (-79.4917669900948, 43.6671840047067)}",NULL,11,NULL,2021-08-16,4:00:00 AM,NULL,ST CLAIR AVE W,JANE ST,ST CLAIR AVE W,198,NULL,495,NULL,12,York South-Weston(5),NULL,NULL,NULL,Jane St And St Clair Ave W,Etobicoke York,6230,JANE ST
2041,13442074,Finch Ave E,Neilson Rd,199,NULL,NULL,NULL,NULL,199,"{'type': 'Point', 'coordinates': (-79.2276000011759, 43.8162650011277)}",NULL,NULL,NULL,2021-09-30,4:00:00 AM,NULL,NEILSON RD,FINCH AVE E,NEILSON RD,199,NULL,1587,NULL,42,Scarborough North(23),NULL,Scarborough-Rouge Park(25),NULL,Finch Ave E And Neilson Rd,Scarborough,6231,FINCH AVE E
2042,13450586,Lawrence Ave E,Howden Rd,200,NULL,NULL,NULL,NULL,200,"{'type': 'Point', 'coordinates': (-79.2879609941987, 43.7468220061773)}",NULL,NULL,NULL,2021-12-16,5:00:00 AM,UNDERWRITERS RD,HOWDEN RD,LAWRENCE AVE E,HOWDEN RD,200,NULL,1284,NULL,41,Scarborough Centre(21),NULL,NULL,NULL,Lawrence Ave E And Howden Rd / Underwriters Rd,Scarborough,6232,LAWRENCE AVE E
2043,13443302,Kennedy Rd,Finch Ave E,201,NULL,NULL,NULL,NULL,201,"{'type': 'Point', 'coordinates': (-79.2965979921245, 43.8012680068432)}",NULL,NULL,NULL,2021-11-09,5:00:00 AM,NULL,FINCH AVE E,KENNEDY RD,FINCH AVE E,201,NULL,1021,NULL,42,Scarborough-Agincourt(22),NULL,NULL,NULL,Kennedy Rd And Finch Ave E,Scarborough,6234,KENNEDY RD
2044,13448022,Willowdale Ave,Spring Garden Ave,202,NULL,NULL,NULL,NULL,202,"{'type': 'Point', 'coordinates': (-79.4009059964784, 43.7663430021023)}",NULL,NULL,NULL,2021-08-27,4:00:00 AM,NULL,SPRING GARDEN AVE,WILLOWDALE AVE,SPRING GARDEN AVE,202,NULL,2473,NULL,32,Willowdale(18),NULL,NULL,NULL,Willowdale Ave And Spring Garden Ave,North York,6237,WILLOWDALE AVE
2045,NULL,NULL,NULL,203,NULL,NULL,NULL,NULL,203,"{'type': 'Point', 'coordinates': (-79.3044680026261, 43.7189060068888)}",NULL,NULL,NULL,2021-11-09,5:00:00 AM,NULL,SUNRISE AVE,O CONNOR DR,SUNRISE AVE,203,NULL,520,NULL,54,Don Valley East(16),NULL,Beaches-East York(19),NULL,O Connor Dr And Sunrise Ave,North York,6238,O CONNOR DR
2046,13457328,Martin Grove Rd,Bethridge Rd,204,NULL,NULL,NULL,NULL,204,"{'type': 'Point', 'coordinates': (-79.5782439915549, 43.7075449991539)}",NULL,NULL,NULL,2021-09-30,4:00:00 AM,NULL,BETHRIDGE RD,MARTIN GROVE RD,BETHRIDGE RD,204,NULL,1086,NULL,23,Etobicoke North(1),NULL,NULL,NULL,Martin Grove Rd And Bethridge Rd,Etobicoke York,6239,MARTIN GROVE RD
2047,13444901,Brimley Rd,Sheppard Ave E,205,NULL,NULL,NULL,NULL,205,"{'type': 'Point', 'coordinates': (-79.2683120020163, 43.7875780115527)}",NULL,NULL,NULL,2021-09-27,4:00:00 AM,NULL,SHEPPARD AVE E,BRIMLEY RD,SHEPPARD AVE E,205,NULL,1109,NULL,42,Scarborough North(23),NULL,NULL,NULL,Brimley Rd And Sheppard Ave E,Scarborough,6242,BRIMLEY RD
2048,13448822,Markham Rd,Greencedar Crct,206,NULL,NULL,NULL,NULL,206,"{'type': 'Point', 'coordinates': (-79.2247089902657, 43.7578400050447)}",NULL,NULL,NULL,2021-08-27,4:00:00 AM,GREENCREST CRCT,GREENCEDAR CRCT,MARKHAM RD,GREENCEDAR CRCT,206,NULL,704,NULL,43,Scarborough-Guildwood(24),NULL,NULL,NULL,Markham Rd And Greencedar Crct / Greencrest Crct,Scarborough,6243,MARKHAM RD
2049,13469971,Evans Ave,Horner Ave,207,NULL,NULL,NULL,NULL,207,"{'type': 'Point', 'coordinates': (-79.5188459932174, 43.6169930013198)}",NULL,NULL,NULL,2021-09-30,4:00:00 AM,NULL,HORNER AVE,EVANS AVE,HORNER AVE,207,NULL,774,NULL,22,Etobicoke-Lakeshore(3),NULL,NULL,NULL,Evans Ave And Horner Ave,Etobicoke York,6246,EVANS AVE
2050,13465689,Dundas St W,Royal York Rd,208,NULL,NULL,NULL,NULL,208,"{'type': 'Point', 'coordinates': (-79.5135780034782, 43.65946000229591)}",275M EAST OF,NULL,NULL,2021-10-21,4:00:00 AM,PRIVATE ACCESS,ROYAL YORK RD,DUNDAS ST W,ROYAL YORK RD,208,KINGSWAY MILLS PLAZA,1852,NULL,22,Etobicoke Centre(2),NULL,Etobicoke-Lakeshore(3),NULL,Dundas St W And Royal York Rd / Private Access @ 275m East Of - Kingsway Mills Plaza,Etobicoke York,6248,DUNDAS ST W
2051,13441833,McCowan Rd,Alton Towers Crcl,209,NULL,NULL,NULL,NULL,209,"{'type': 'Point', 'coordinates': (-79.2751400030519, 43.8250800011958)}",210M SOUTH OF,NULL,NULL,2021-11-09,5:00:00 AM,NULL,ALTON TOWERS CRCL,MCCOWAN RD,ALTON TOWERS CRCL,209,NULL,1711,ALTON TOWERS CRCL (NORTH),42,Scarborough North(23),NULL,NULL,NULL,Mccowan Rd And Alton Towers Crcl @ 210m South Of,Scarborough,6249,MCCOWAN RD
2052,13454821,Jane St,William Cragg Dr,210,NULL,NULL,NULL,NULL,210,"{'type': 'Point', 'coordinates': (-79.5091200039297, 43.7229899950159)}",70M NORTH OF,NULL,NULL,2021-12-16,5:00:00 AM,PRIVATE ACCESS,WILLIAM CRAGG DR,JANE ST,WILLIAM CRAGG DR,210,SHERIDAN MALL,1472,NULL,31,Humber River-Black Creek(7),NULL,York Centre(6),NULL,Jane St And William Cragg Dr / Private Access @ 70m North Of - Sheridan Mall,Etobicoke York,6250,JANE ST
2053,13444720,Neilson Rd,Military Trl,211,NULL,NULL,NULL,NULL,211,"{'type': 'Point', 'coordinates': (-79.2083430021465, 43.78797200428681)}",NULL,NULL,NULL,2022-03-17,4:00:00 AM,NULL,MILITARY TRL,NEILSON RD,MILITARY TRL,211,NULL,1423,NULL,43,Scarborough-Guildwood(24),NULL,NULL,NULL,Neilson Rd And Military Trl,Scarborough,6251,NEILSON RD
2054,NULL,NULL,NULL,212,NULL,NULL,NULL,NULL,212,"{'type': 'Point', 'coordinates': (-79.3502909970486, 43.6932410046036)}",NULL,NULL,NULL,2022-03-17,4:00:00 AM,NULL,PAPE AVE,O CONNOR DR,PAPE AVE,212,NULL,442,NULL,54,Toronto-Danforth(14),NULL,NULL,NULL,O Connor Dr And Pape Ave,Toronto and East York,6255,O CONNOR DR
2055,13442843,Meadowvale Rd,Dean Park Rd,213,NULL,NULL,NULL,NULL,213,"{'type': 'Point', 'coordinates': (-79.16878799798131, 43.8042250062252)}",NULL,NULL,NULL,2022-03-30,4:00:00 AM,GENERATION BLVD,DEAN PARK RD,MEADOWVALE RD,DEAN PARK RD,213,NULL,1499,NULL,42,Scarborough-Rouge Park(25),NULL,NULL,NULL,Meadowvale Rd And Dean Park Rd / Generation Blvd,Scarborough,6256,MEADOWVALE RD
2056,13445257,Warden Ave,Huntingwood Dr,214,NULL,NULL,NULL,NULL,214,"{'type': 'Point', 'coordinates': (-79.3109519999502, 43.7854770033652)}",NULL,NULL,NULL,2022-03-17,4:00:00 AM,NULL,HUNTINGWOOD DR,WARDEN AVE,HUNTINGWOOD DR,214,NULL,871,NULL,42,Scarborough-Agincourt(22),NULL,NULL,NULL,Warden Ave And Huntingwood Dr,Scarborough,6264,WARDEN AVE
